code,name,预低
601118,海南橡胶,-2.469933
000713,丰乐种业,-2.5195274
600354,敦煌种业,-2.4394932
002556,辉隆股份,-2.2801294
600313,农发种业,-2.4773378
600598,北大荒,-2.7881403
600359,新农开发,-2.4713407
600108,亚盛集团,-2.5162554
601952,苏垦农发,-2.7581077
600883,博闻科技,-2.0608711
600371,万向德农,-2.403165
600540,新赛股份,-2.043016
000998,隆平高科,-2.0349302
002041,登海种业,-1.9332138
002772,众兴菌业,-2.3953876
000663,永安林业,-2.8768392
000592,平潭发展,-3.553691
002679,福建金森,-2.737327
600265,景谷林业,-2.6466417
002299,圣农发展,-2.6556363
002234,民和股份,-2.3222241
002458,益生股份,-2.0879812
603717,天域生物,-2.524691
002714,牧原股份,-2.5439286
600097,开创国际,-2.2709599
002746,仙坛股份,-2.0515637
603477,巨星农牧,-3.3741226
605296,神农集团,-3.7746515
000735,罗 牛 山,-3.2460241
002688,金河生物,-2.6299577
603566,普莱柯,-3.2061753
000798,中水渔业,-2.3372555
002069,獐子岛,-2.8507848
002982,湘佳股份,-3.9273024
600975,新五丰,-3.6834664
600201,生物股份,-2.3843184
002157,正邦科技,-2.5223236
600195,中牧股份,-2.5148878
002321,华英农业,-2.4872122
600965,福成股份,-2.5534353
002868,绿康生化,-3.4443831
001201,东瑞股份,-2.9064379
600467,好当家,-2.5845795
600257,大湖股份,-2.8479471
000048,京基智农,-2.8960376
603718,海利生物,-3.1720228
002891,中宠股份,-3.6705418
002286,保龄宝,-2.3603091
600737,中粮糖业,-2.8824043
003030,祖名股份,-1.8346496
002481,双塔食品,-2.351594
000911,广农糖业,-2.458444
001338,永顺泰,-2.457584
000930,中粮科技,-5.24772
600191,华资实业,-3.0288606
600251,冠农股份,-2.521552
603336,宏辉果蔬,-2.886938
000972,中基健康,-4.8993974
002311,海大集团,-2.705893
002696,百洋股份,-2.537426
001313,粤海饲料,-2.6087036
603668,天马科技,-2.53295
002100,天康生物,-2.635263
000876,新 希 望,-2.2637954
002567,唐人神,-2.8639798
603609,禾丰股份,-2.1040344
603151,邦基科技,-2.463265
001366,播恩集团,-2.648851
002385,大北农,-1.1110687
002548,金新农,-2.8988743
000702,正虹科技,-2.0770717
000019,深粮控股,-2.8231277
600127,金健米业,-3.9403906
002852,道道全,-0.5540699
000505,京粮控股,-3.9014168
600811,东方集团,-3.4533973
603182,嘉华股份,-1.829836
000638,万方发展,-2.5151343
601011,宝泰隆,-3.3255897
600408,安泰集团,-3.2853332
600740,山西焦化,-2.9184618
000723,美锦能源,-3.2763352
600792,云煤能源,-4.782903
601015,陕西黑猫,-4.212611
601088,中国神华,-2.6065855
600925,苏能股份,-2.7840343
601225,陕西煤业,-2.9286628
002128,电投能源,-2.8508797
600188,兖矿能源,-2.5908751
000552,甘肃能化,-2.7702613
600758,辽宁能源,-2.1558266
600121,郑州煤电,-3.2514796
600508,上海能源,-2.6865354
600123,兰花科创,-2.8950324
600395,盘江股份,-2.62052
601898,中煤能源,-2.8873081
601001,晋控煤业,-2.8917837
000937,冀中能源,-2.9701924
600726,华电能源,-2.8474064
601918,新集能源,-3.670897
600348,华阳股份,-2.9765182
000983,山西焦煤,-2.8452601
600985,淮北矿业,-2.9446507
600546,山煤国际,-2.9138536
601101,昊华能源,-4.01401
601666,平煤股份,-3.0853076
601699,潞安环能,-3.2661638
600971,恒源煤电,-3.7909293
600403,大有能源,-2.822473
600997,开滦股份,-3.1859517
600397,安源煤业,-2.755075
000571,新大洲A,-1.4869639
603113,金能科技,-1.5871035
600256,广汇能源,-3.2896838
603393,新天然气,-3.1613832
600759,洲际油气,-3.329074
600871,石化油服,-3.1229444
600968,海油发展,-3.094283
600339,中油工程,-3.818099
600583,海油工程,-3.211597
000968,蓝焰控股,-3.115767
002554,惠博普,-3.3890681
600938,中国海油,-4.1452065
002207,准油股份,-7.630449
002828,贝肯能源,-5.1054454
603727,博迈科,-3.5810447
603619,XD中曼石,-6.5069103
601808,中海油服,-3.0652242
002629,仁智股份,-2.9347029
600955,维远股份,-2.1410103
600746,江苏索普,-2.0372787
600989,宝丰能源,-2.1415715
600623,华谊集团,-1.6412305
000691,亚太实业,-2.0535226
000830,鲁西化工,-2.0985265
000990,诚志股份,-1.9598302
002469,三维化学,-1.7805111
603227,雪峰科技,-2.4984946
603276,恒兴新材,-1.8195412
002109,兴化股份,-2.408846
002274,华昌化工,-1.6274663
600423,柳化股份,-1.9236015
603938,三孚股份,-2.1520247
600722,金牛化工,-1.7414628
600610,中毅达,-2.2742927
600844,丹化科技,-1.9064764
001217,华尔泰,-2.2386627
600319,亚星化学,-1.8637902
000818,航锦科技,-2.542745
603213,镇洋发展,-2.588418
601568,北元集团,-1.9610571
600618,氯碱化工,-1.8812946
600935,华塑股份,-1.879178
601678,滨化股份,-2.2182927
002386,天原股份,-1.8024125
600075,新疆天业,-2.3910093
000635,英 力 特,-1.9453386
601216,君正集团,-1.8900508
000510,新金路,-2.3936186
002053,云南能投,-3.4774227
603299,苏盐井神,-2.30895
601065,江盐集团,-2.365943
603067,振华股份,-2.845675
003017,大洋生物,-2.549735
600929,雪天盐业,-2.2567234
600328,中盐化工,-2.0894938
600714,金瑞矿业,-2.651029
600367,红星发展,-2.3848243
600409,三友化工,-2.3022668
000707,双环科技,-2.265521
000683,远兴能源,-2.7342634
000822,山东海化,-1.9925159
002601,龙佰集团,-2.5273247
002136,安 纳 达,-2.0164723
002145,中核钛白,-2.6439219
000545,金浦钛业,-2.104869
600586,金晶科技,-2.4157782
002211,宏达新材,-3.809855
603281,江瀚新材,-2.8400917
002909,集泰股份,-2.5632954
605399,晨光新材,-6.096501
600596,新安股份,-2.6012034
603260,合盛硅业,-3.137249
603155,新亚强,-2.6577997
605366,宏柏新材,-6.5785327
603188,亚邦股份,-5.234439
600352,浙江龙盛,-1.5825279
002440,闰土股份,-1.8942133
603980,吉华集团,-1.7050378
605566,福莱蒽特,-1.6439662
002054,德美化工,-1.7140833
603172,万丰股份,-2.3775392
603790,雅运股份,-1.8331395
603360,百傲化学,-4.20717
002734,利民股份,-1.9705702
600486,扬农化工,-2.0683432
002215,诺 普 信,-2.5813427
002749,国光股份,-1.8770885
600731,湖南海利,-2.1066601
603639,海利尔,-1.4366382
603086,先达股份,-1.7348932
002258,利尔化学,-2.3458076
002391,长青股份,-1.525909
003042,中农联合,5.3129582
002250,联化科技,-2.1090357
600389,江山股份,-1.9148685
603599,广信股份,-2.21061
603810,丰山集团,-1.5540401
603585,苏利股份,-1.8141648
000553,安道麦A,-1.9800907
603970,中农立华,-2.125605
001231,农心科技,-2.1223588
605033,美邦股份,-1.8821641
002513,蓝丰生化,-3.9533644
002942,新农股份,-2.2153044
002496,辉丰股份,-2.8297677
003002,壶化股份,-3.784277
002683,广东宏大,-2.4788017
002096,易普力,-2.744762
002360,同德化工,-2.5192747
603977,国泰集团,-2.5254092
002783,凯龙股份,-2.5693698
002226,江南化工,-2.262784
002917,金奥博,-2.4988303
002246,北化股份,-3.8466883
002037,保利联合,-4.1195455
002827,高争民爆,-2.2214007
000902,新洋丰,-1.9263943
002588,史丹利,-2.295539
002539,云图控股,-1.8067315
002538,司尔特,-1.3200576
002999,天禾股份,-2.1520863
002170,芭田股份,-2.2601552
002470,金正大,-1.5483341
002312,川发龙蟒,-3.4754877
600096,云天化,-0.3584287
603077,和邦生物,-3.0501342
600141,兴发集团,-2.1005511
002895,川恒股份,-2.7509933
600470,六国化工,-1.9639212
600331,宏达股份,-2.6732383
000422,湖北宜化,-3.0218768
600078,澄星股份,-2.6797118
603505,金石资源,-1.9340891
600160,巨化股份,-2.350831
603379,三美股份,-1.9889266
600378,昊华科技,-3.0715766
002326,永太科技,-2.3242812
605020,永和股份,-2.1366715
002407,多氟多,-2.7550683
002915,中欣氟材,-2.4687366
600299,安迪苏,-1.693698
600873,梅花生物,-1.5586249
002562,兄弟科技,-1.40079
603020,爱普股份,-1.6101671
002597,金禾实业,-1.7582723
600866,星湖科技,-1.9819123
603079,圣达生物,-1.7438353
605077,华康股份,-2.1000428
603968,醋化股份,-1.7329502
603739,蔚蓝生物,-1.8351063
605016,百龙创园,-1.7281519
000893,亚钾国际,-3.1738682
000792,盐湖股份,-1.9721993
002545,东方铁塔,-2.062622
000408,藏格矿业,-2.3749785
603010,万盛股份,-1.9383253
603722,阿科力,-2.166593
002637,赞宇科技,-1.972951
603822,嘉澳环保,-3.5113235
002810,山东赫达,-2.7811599
002648,卫星化学,-2.3142586
000881,中广核技,-2.1695151
603181,皇马科技,-2.0976295
002666,德联集团,-2.0465093
600273,嘉化能源,-1.9772874
603948,建业股份,-2.355739
603867,新化股份,-2.0257254
002669,康达新材,-2.9541454
600500,中化国际,-2.1359715
603681,永冠新材,-2.0024252
001218,丽臣实业,-2.1140692
603916,苏博特,-2.5018225
002971,和远气体,-2.2350895
603125,常青科技,-2.168291
002453,华软科技,-3.7943254
603217,元利科技,-2.1801035
603065,宿迁联盛,-2.2821898
002430,杭氧股份,-2.6379142
002809,红墙股份,-2.0673282
603683,晶华新材,-2.2268581
002591,恒大高新,-2.3108964
002802,洪汇新材,-2.1896343
603051,鹿山新材,-3.003642
600727,鲁北化工,-2.1193
603255,鼎际得,-2.3454843
002455,百川股份,-2.4862018
000912,泸天化,-2.5384746
000731,四川美丰,-1.7572838
600426,华鲁恒升,-2.6884012
600227,赤天化,-4.3801093
600691,阳煤化工,-2.646957
002319,乐通股份,-2.373352
000565,渝三峡Ａ,-2.865849
603823,百合花,-2.690147
603110,东方材料,-5.8456464
603192,汇得科技,-2.2216587
600230,沧州大化,-1.8420343
002165,红 宝 丽,-1.959178
603041,美思德,-1.7954539
600309,万华化学,-1.9079617
002497,雅化集团,-3.2294831
603725,天安新材,-1.8253006
002443,金洲管道,-5.796978
002318,久立特材,-2.480575
600399,抚顺特钢,-2.5875936
000825,太钢不锈,-1.9708666
600507,方大特钢,-1.8669565
002478,常宝股份,-2.2501037
000708,中信特钢,-2.3628702
603995,甬金股份,-3.6304097
603191,望变电气,-2.600111
600117,西宁特钢,-2.463081
002075,沙钢股份,-5.288985
000778,新兴铸管,-3.215208
600282,南钢股份,-2.5261002
000959,首钢股份,-2.705392
000709,河钢股份,-2.6349506
600782,新钢股份,-3.7899776
601686,友发集团,-2.1835074
000898,鞍钢股份,-2.7116418
600808,马钢股份,-2.31218
600022,山东钢铁,-2.5123634
600019,宝钢股份,-3.3046885
600126,杭钢股份,-2.6967664
601005,重庆钢铁,-3.092451
600010,包钢股份,-2.6793818
600581,八一钢铁,-3.2812214
600307,酒钢宏兴,-2.9075298
603878,武进不锈,-2.741004
601003,柳钢股份,-2.8496642
000761,本钢板材,-3.3937116
600569,安阳钢铁,-2.7232318
000932,华菱钢铁,-2.928401
600231,凌钢股份,-3.1412568
002110,三钢闽光,-3.2225118
000717,中南股份,-2.877306
600516,方大炭素,-2.5489163
001203,大中矿业,-2.6251597
000629,钒钛股份,-2.6515546
000655,金岭矿业,-2.9706435
600295,鄂尔多斯,-2.821844
600382,广东明珠,-2.0638041
601121,宝地矿业,-2.0094557
000923,河钢资源,-2.8749866
601969,海南矿业,-2.4239898
603978,深圳新星,-6.4978857
000969,安泰科技,-1.7643323
603045,福达合金,-2.3977332
601137,博威合金,-2.4797955
605158,华达新材,-2.7301722
600255,鑫科材料,-2.289117
000633,合金投资,-2.0116
000795,英洛华,-1.9542351
600366,宁波韵升,-2.1051726
000970,中科三环,-2.0776408
603256,宏和科技,-3.1126833
000012,南  玻Ａ,-2.246418
002080,中材科技,-2.2861679
603601,再升科技,-2.3423846
002613,北玻股份,-3.866571
600293,三峡新材,-2.4903107
600819,耀皮玻璃,-2.6041503
600176,中国巨石,-2.1692305
605006,山东玻纤,-2.2485719
601636,旗滨集团,-2.449327
002201,正威新材,-2.7115493
002457,青龙管业,-5.518224
603856,东宏股份,-1.9264925
002641,公元股份,-2.1077142
002694,顾地科技,-2.0528147
002372,伟星新材,-2.2329397
603616,韩建河山,-3.3936644
002205,国统股份,-2.620037
605122,四方新材,-2.955534
000935,四川双马,-1.637468
003037,三和管桩,-2.0457988
600425,青松建化,-2.002344
002233,塔牌集团,-2.0286222
002671,龙泉股份,-1.6156598
600585,海螺水泥,-2.2613242
000401,冀东水泥,-1.9786965
600668,尖峰集团,-2.0733914
000672,上峰水泥,-2.2207355
000877,天山股份,-1.97519
000789,万年青,-2.3214264
601992,金隅集团,-2.3793252
600801,华新水泥,-2.0436864
600449,宁夏建材,-2.36183
002596,海南瑞泽,-5.634481
600678,四川金顶,4.0367217
600802,福建水泥,-2.5080585
002302,西部建设,-2.203711
600326,西藏天路,-3.818471
605318,法狮龙,-2.505734
002247,聚力文化,-1.8599836
002785,万里石,-2.4009538
001296,长江材料,-1.9959966
002398,垒知集团,-2.589982
002043,兔 宝 宝,-2.5723758
002333,罗普斯金,-2.6152077
002718,友邦吊顶,-8.115723
000786,北新建材,-2.3708966
000055,方大集团,-2.394207
002791,坚朗五金,-3.1836648
001212,中旗新材,-2.9476233
603038,华立股份,6.0324426
603378,亚士创能,-3.481604
002652,扬子新材,-2.6510382
002271,东方雨虹,-3.58154
603737,三棵树,-4.437599
000619,海螺新材,-2.3771098
002392,北京利尔,-1.7201408
002088,鲁阳节能,-2.6183605
002225,濮耐股份,-2.0033684
002066,瑞泰科技,-3.0701094
000546,金圆股份,-3.252637
603316,诚邦股份,-1.2055874
605178,时空科技,-1.9914886
603137,恒尚节能,-1.852373
002856,美芝股份,-2.7778344
002775,文科股份,-2.85115
001267,汇绿生态,-2.3932867
601886,江河集团,-2.2956
002830,名雕股份,-2.1041074
002081,金 螳 螂,-2.3531363
002620,瑞和股份,-1.777299
002963,豪尔赛,-2.4178429
002431,棕榈股份,-2.7441974
605289,罗曼股份,-0.7297705
605287,德才股份,-1.9283465
603030,全筑股份,-2.7075338
002713,东易日盛,-2.1827383
002663,普邦股份,-2.1656613
002789,建艺集团,-2.360387
002163,海南发展,-2.2954545
002989,中天精装,-3.80866
002375,亚厦股份,-2.1695552
603955,大千生态,-1.991038
000010,美丽生态,-1.7775071
600193,创兴资源,-1.8668426
002482,广田集团,-2.253408
605303,园林股份,-2.962861
002949,华阳国际,-2.5567894
002811,郑中设计,-2.3960886
603018,华设集团,-3.3156185
600667,太极实业,-2.432518
603153,上海建科,-3.1355634
603357,设计总院,-2.0384724
603909,建发合诚,-0.20374984
002116,中国海诚,-2.858491
603458,勘设股份,-2.3595881
600629,华建集团,-2.412559
603860,中公高科,-3.539287
603017,中衡设计,-2.4057503
002883,中设股份,-2.528638
600720,中交设计,-2.2041109
003013,地铁设计,-2.257987
000779,甘咨询,-2.6666431
000032,深桑达Ａ,-5.3996496
600970,中材国际,-2.189865
603929,亚翔集成,-2.8977504
600496,精工钢构,-2.2671094
601133,柏诚股份,-2.7741313
000065,北方国际,-2.2442756
002051,中工国际,-2.2287512
605167,利柏特,-2.183357
000928,中钢国际,-3.4242196
601226,华电重工,-1.9805535
002135,东南网架,-2.6148486
601117,中国化学,-2.4237957
002140,东华科技,-2.205863
600477,杭萧钢构,-2.2904134
603637,镇海股份,-2.1482396
002743,富煌钢构,-2.4655333
002593,日上集团,-2.1429486
601618,中国中冶,-2.2587109
601068,中铝国际,-3.1750169
603163,圣晖集成,-2.5186796
605598,上海港湾,-2.260627
603098,森特股份,-1.9524525
003001,中岩大地,-2.6896772
002323,雅博股份,-2.715715
002542,中化岩土,-2.9880705
002541,鸿路钢构,-4.171426
000628,高新发展,5.260307
601668,中国建筑,-2.6457329
600248,陕建股份,-3.2925286
600491,龙元建设,-2.4862747
600170,上海建工,-2.3679686
600939,重庆建工,0.32945997
601789,宁波建工,-1.3930879
002761,浙江建投,-3.360993
600820,隧道股份,-2.331318
002062,宏润建设,-2.3422236
600512,腾达建设,-2.212146
600284,浦东建设,-2.017922
601611,中国核建,-2.3129272
600502,安徽建工,-3.1084914
601186,中国铁建,-3.9583101
002061,浙江交科,-1.937935
601868,中国能建,-1.5171319
601390,中国中铁,-2.676835
603176,汇通集团,-2.4802332
002941,新疆交建,-3.0966663
603815,交建股份,-3.0581799
002307,北新路桥,-3.2652326
002060,广东建工,-2.4689794
600039,四川路桥,-1.848713
600853,龙建股份,-2.9510417
002628,成都路桥,5.5294437
601669,中国电建,-2.3673267
601800,中国交建,-4.243412
000498,山东路桥,-2.2769475
600133,东湖高新,-2.7631521
603843,正平股份,-2.298369
000159,国际实业,-3.9987326
002347,泰尔股份,-7.6286235
000595,宝塔实业,-3.333424
603699,纽威股份,-3.3541102
600114,东睦股份,-2.6429515
603969,银龙股份,-2.1823993
603667,五洲新春,-3.4238768
002438,江苏神通,-2.6688142
000039,中集集团,-1.9007564
002445,中南文化,-2.019227
601177,杭齿前进,-2.5259352
002843,泰嘉股份,-4.6675
601002,晋亿实业,-2.154108
603270,金帝股份,-2.7752714
002342,巨力索具,-2.4179802
600592,龙溪股份,-2.9544668
600558,大西洋,-2.4808168
002871,伟隆股份,-2.849413
002026,山东威达,-2.476974
000777,中核科技,-2.790576
002795,永和智控,-2.3327742
002877,智能自控,-2.7662902
002896,中大力德,-3.0462952
603915,国茂股份,-3.6940942
603308,应流股份,-3.1619678
605100,华丰股份,-2.4206562
600992,贵绳股份,-3.9894729
002150,通润装备,-2.409346
002132,恒星科技,-2.2554283
002164,宁波东力,-3.3306918
600860,京城股份,-2.4187412
002514,宝馨科技,-3.1477184
002931,锋龙股份,-2.840971
603278,大业股份,-2.5226655
603028,赛福天,-2.4570947
002633,申科股份,-2.8967085
600421,华嵘控股,-2.5449195
600243,青海华鼎,-4.186865
001696,宗申动力,-3.587988
603757,大元泵业,-2.1195006
002884,凌霄泵业,-1.9344457
002444,巨星科技,-2.0857286
603201,常润股份,-1.6945825
002598,山东章鼓,-2.05836
603331,百达精工,-2.2909322
603131,上海沪工,-2.553575
002530,金财互联,-2.986134
600343,航天动力,-2.6573248
603269,海鸥股份,-2.6428933
605060,联德股份,-2.0511146
603617,君禾股份,-1.8241078
002272,川润股份,-3.4570065
603090,宏盛股份,-2.0959125
603662,柯力传感,-3.895834
002819,东方中科,-1.7985591
002767,先锋电子,-1.9936756
603100,川仪股份,-2.495144
002058,威尔泰,-2.895485
002175,东方智造,-1.7345909
002849,威星智能,-1.8079647
603700,宁水集团,-1.83391
605056,咸亨国际,-2.9891872
002685,华东重机,-3.1336727
002760,凤形股份,-2.444087
002046,国机精工,-2.3011408
600172,黄河旋风,-2.2327993
002282,博深股份,-2.1820095
000410,沈阳机床,-2.4060688
000837,秦川机床,-2.5168347
002943,宇晶股份,-2.6403747
003025,思进智能,-1.7634674
002903,宇环数控,-3.5053902
002248,华东数控,-3.3458285
002559,亚威股份,-2.129455
603088,宁波精达,-2.012826
601882,海天精工,-2.6803098
002122,汇洲智能,-2.1614227
002520,日发精机,-2.8443522
002158,汉钟精机,-1.9725461
000811,冰轮环境,-2.4433017
603339,四方科技,-2.0610538
603277,银都股份,-2.056192
603912,佳力图,-2.1887512
600202,哈空调,-1.92831
002639,雪人股份,-2.0315475
000530,冰山冷热,-2.141028
603187,海容冷链,-1.9736353
002686,亿利达,-2.4825811
601369,陕鼓动力,-2.7575374
603611,诺力股份,-2.5649638
002131,利欧股份,-2.5808253
000816,智慧农业,-2.4485407
000528,柳    工,-2.9675817
000425,徐工机械,-2.607593
605305,中际联合,-2.308115
600031,三一重工,-2.1481
000680,山推股份,-2.163473
603338,浙江鼎力,-2.193458
605389,长龄液压,-1.7040325
603280,南方路机,-2.343804
603638,艾迪精密,-2.4503565
002097,山河智能,-2.6109319
001226,拓山重工,-1.962257
000157,中联重科,-1.765051
600815,厦工股份,-2.1082454
601100,恒立液压,-2.2987638
600984,建设机械,-2.9211912
600761,安徽合力,-2.140979
603298,杭叉集团,-2.4978843
600560,金自天正,-2.5558963
601106,中国一重,-2.5306401
603036,如通股份,-2.628396
001332,锡装股份,-2.5451422
000852,石化机械,-2.0700488
600169,太原重工,-2.1118965
002204,大连重工,-1.9897356
600980,北矿科技,-2.3984756
600320,振华重工,-2.3367672
002483,润邦股份,-2.346878
002353,杰瑞股份,-2.550765
603135,中重科技,-2.0014558
601399,国机重装,-2.112506
002523,天桥起重,-2.4936981
600262,北方股份,-2.7697582
603012,创力集团,-2.2539806
002730,电光科技,-2.7733989
001360,南矿集团,-2.500843
002535,林州重机,-2.6607375
601608,中信重工,-2.045207
601798,蓝科高新,-2.9666119
600582,天地科技,-2.1101022
001225,和泰机电,-2.1096625
603169,兰石重装,-2.6433682
002278,神开股份,-2.5682392
601717,郑煤机,-2.1407237
603966,法兰泰克,-2.7137308
001288,运机集团,-2.4808474
603698,航天工程,-2.9702716
002526,山东矿机,-2.5625343
603173,福斯达,-2.4831338
603800,洪田股份,-2.6261687
002691,冀凯股份,-1.9674964
002816,和科达,-3.6700363
002786,银宝山新,-1.8024452
002595,豪迈科技,-2.3232899
002779,中坚科技,-2.8418455
002837,英维克,-2.710271
605259,绿田机械,-2.4067338
002690,美亚光电,-2.4428582
600579,克劳斯,-2.75556
002009,天奇股份,-3.9575424
002006,精工科技,-2.9259825
600444,国机通用,-2.6450152
002757,南兴股份,-2.5161767
002337,赛象科技,-2.6227174
603656,泰禾智能,-2.9364004
603289,泰瑞机器,-2.254187
002031,巨轮智能,-2.5938182
000856,冀东装备,-2.280188
603895,天永智能,-2.2464542
600499,科达制造,-2.3739104
603011,合锻智能,-2.4298005
603159,上海亚虹,-2.2639117
002073,软控股份,-2.9098735
603956,威派格,-2.0828314
603081,大丰实业,-2.8918605
603855,华荣股份,-2.372303
002833,弘亚数控,-2.2402658
600501,航天晨光,-4.0138745
002529,海源复材,-2.4491577
603076,乐惠国际,-2.2859325
603488,展鹏科技,-1.9053959
605286,同力日升,-3.7698665
603321,梅轮电梯,-2.0858603
603356,华菱精工,-3.7167406
600835,上海机电,-2.045238
002367,康力电梯,-1.8169359
002774,快意电梯,-2.1306734
002960,青鸟消防,-2.3431678
600894,广日股份,-2.4726405
002689,远大智能,-2.2076855
002722,物产金轮,-4.7928996
603337,杰克股份,-4.2326083
600232,金鹰股份,-2.3112278
603095,越剑智能,-2.6416426
002021,中捷资源,-2.730793
600545,卓郎智能,-2.7014275
003036,泰坦股份,-2.2615774
600302,标准股份,-3.1914415
600843,上工申贝,-2.813324
002890,弘宇股份,-1.6235737
601038,一拖股份,-2.013248
603029,天鹅股份,-2.2680726
603789,星光农机,-2.306365
001256,炜冈科技,-1.485938
002209,达 意 隆,-3.270339
603901,永创智能,-2.0474095
002611,东方精工,-0.292492
002134,天津普林,-5.484802
600460,士兰微,-1.7295647
600171,上海贝岭,-2.8077078
603160,汇顶科技,-2.6258202
603893,瑞芯微,-1.7745866
603290,斯达半导,-2.3283212
003026,中晶科技,-2.677773
002049,紫光国微,-2.2869482
002185,华天科技,-2.3446016
600584,长电科技,-2.46024
605358,立昂微,-2.3576765
603920,世运电路,-2.7177215
603005,晶方科技,-2.4323134
603068,博通集成,-2.321695
002119,康强电子,-2.0264072
600877,电科芯片,-2.3341749
002371,北方华创,-0.5890604
002077,大港股份,-1.8405856
603186,华正新材,-2.3409147
003043,华亚智能,-2.343648
605111,新洁能,-2.4287791
603690,至纯科技,-2.3341146
002079,苏州固锝,-2.6848354
603501,韦尔股份,-1.9477085
600206,有研新材,-1.8623447
002156,通富微电,-2.680005
600563,法拉电子,-2.1790872
603986,兆易创新,-1.884288
600745,闻泰科技,-2.3191986
002916,深南电路,-2.2169547
002409,雅克科技,-2.3163214
600601,方正科技,-2.6105323
603328,依顿电子,-2.354505
002484,江海股份,-2.209012
002463,沪电股份,-2.4756289
603738,泰晶科技,-2.5976963
002138,顺络电子,-2.6979718
002636,金安国纪,-2.4769244
603061,金海通,-2.6315904
000636,风华高科,-2.637608
002938,鹏鼎控股,-2.1076672
002436,兴森科技,-2.268379
002815,崇达技术,-2.6293464
002552,宝鼎科技,-2.1644382
000823,超声电子,-2.588151
002913,奥士康,-2.1211193
002579,中京电子,-2.0763566
603936,博敏电子,-2.6118102
603386,骏亚科技,-2.366414
600183,生益科技,-2.2810464
603989,艾华集团,-2.4008064
605058,澳弘电子,-2.61593
603228,景旺电子,-2.698976
002199,东晶电子,-6.339942
600237,铜峰电子,-2.643598
002384,东山精密,-2.4227548
605258,协和电子,-2.6708055
001309,德明利,-2.2190056
002983,芯瑞达,-2.969687
600703,三安光电,-1.7561542
603685,晨丰科技,-1.9422084
603303,得邦照明,-2.2870312
600651,飞乐音响,-2.1215677
002745,木林森,-1.9944383
002449,国星光电,-2.2524166
002137,实益达,-2.4592237
605365,立达信,-2.6252737
603515,欧普照明,-1.706254
000541,佛山照明,-2.0758991
002587,奥拓电子,-2.519567
002654,万润科技,-3.7384996
002076,星光股份,-2.5984116
002992,宝明科技,-2.7752495
600261,阳光照明,-2.1235209
002723,小崧股份,-2.8345532
603679,华体科技,-1.9857379
002638,勤上股份,-2.5933604
002036,联创电子,-2.8199196
002273,水晶光电,-2.3222685
002222,福晶科技,-2.3041272
600071,凤凰光学,-2.2802813
605588,冠石科技,-3.4669871
603297,永新光学,-2.6094131
002456,欧菲光,-2.8163571
001373,翔腾新材,-2.4542284
002962,五方光电,-2.5032191
003015,日久光电,-2.2231474
000536,华映科技,-2.52075
603703,盛洋科技,-2.8986235
000050,深天马Ａ,-2.7067852
002106,莱宝高科,-2.3466349
002387,维信诺,-4.5408993
002876,三利谱,-2.9261727
600707,彩虹股份,-2.3149104
000725,京东方Ａ,-2.1027627
002955,鸿合科技,-2.2765794
003019,宸展光电,-2.587841
000727,冠捷科技,-2.566986
000509,华塑控股,-3.6747837
002845,同兴达,-2.215476
001308,康冠科技,-2.2167149
002765,蓝黛科技,-2.366423
000045,深纺织Ａ,-2.511023
000100,TCL科技,-2.149804
600552,凯盛科技,-2.8034253
605218,伟时电子,-2.833756
000020,深华发Ａ,-2.7196608
603773,沃格光电,-3.1700678
002952,亚世光电,-2.5423293
002724,海洋王,-2.2174745
002388,新亚制程,-2.875081
002130,沃尔核材,5.4956975
000062,深圳华强,-2.6748962
600353,旭光电子,-2.2673674
000670,盈方微,-3.0530787
001287,中电港,-2.3237357
002729,好利科技,-2.463799
002782,可立克,-2.5351558
002859,洁美科技,-2.55294
603933,睿能科技,-2.6494584
002161,远 望 谷,-2.1628838
002885,京泉华,-3.5804853
001298,好上好,-3.4782906
002922,伊戈尔,-2.1613827
002869,金溢科技,-1.404699
600288,大恒科技,-1.5940329
002369,卓翼科技,-1.5569
002426,胜利精密,-1.8858871
600363,联创光电,-2.041624
601138,工业富联,-2.1517549
603052,可川科技,-2.8990545
000021,深科技,-2.2755382
601231,环旭电子,-2.2445505
002635,安洁科技,-4.339007
603380,易德龙,-1.6770539
002947,恒铭达,-3.8074508
002139,拓邦股份,-2.0370433
002925,盈趣科技,-2.3129702
603595,东尼电子,-2.525567
002055,得润电子,-3.3974729
002660,茂硕电源,-1.7223519
002241,歌尔股份,-1.638232
603890,春秋电子,-3.8724117
600203,福日电子,5.7293572
001314,亿道信息,-2.8916936
002475,立讯精密,-2.0279107
002937,兴瑞科技,-1.7134384
002655,共达电声,-3.0123568
600130,波导股份,-2.6706924
605277,新亚电子,-1.9865547
002866,传艺科技,-2.0825977
603327,福蓉科技,-2.2808974
002993,奥海科技,-2.1731462
603626,科森科技,-2.477829
603629,利通电子,-2.2376828
002981,朝阳科技,-1.7634214
002681,奋达科技,-1.9558015
002855,捷荣技术,-2.4978833
002600,领益智造,-2.347035
603296,华勤技术,-2.6299515
002861,瀛通通讯,-2.2353826
003028,振邦智能,-1.7744273
002402,和而泰,-2.5600147
002351,漫步者,-4.383943
002841,视源股份,-2.9135556
002045,国光电器,-3.2135353
002888,惠威科技,-8.9966135
002881,美格智能,-2.7053037
600418,江淮汽车,-3.389192
600066,宇通客车,-2.700407
000980,众泰汽车,-2.9568863
000800,一汽解放,-2.4845934
002594,比亚迪,-2.9440265
000951,中国重汽,-2.9212031
600104,上汽集团,-2.322698
601777,力帆科技,-4.5593405
601127,赛力斯,-3.849142
601633,长城汽车,-2.43117
600686,金龙汽车,-3.0134516
601238,广汽集团,-2.6770668
600166,福田汽车,-2.5347676
600006,东风股份,-2.8857937
000868,安凯客车,-2.4255908
000572,海马汽车,-2.7082229
000550,江铃汽车,-3.627757
000625,长安汽车,-2.5800962
000957,中通客车,-2.6347804
600733,北汽蓝谷,-3.2441206
600841,动力新科,-3.010357
002806,华锋股份,-3.108057
603009,北特科技,-0.7078298
002488,金固股份,-3.516221
002355,兴民智通,-2.5441546
002766,索菱股份,-2.818491
603179,新泉股份,-2.217785
605128,上海沿浦,-2.820252
603786,科博达,-1.984486
002920,德赛西威,-2.6617703
603922,金鸿顺,-2.1654658
002472,双环传动,-2.8055215
002126,银轮股份,-2.2563
603997,继峰股份,-2.877852
600660,福耀玻璃,-2.4418945
603358,华达科技,-2.7217221
601689,拓普集团,-2.167582
603306,华懋科技,-2.5962386
603286,日盈电子,-2.4840436
600626,申达股份,-2.3239212
603596,伯特利,-2.6105475
000887,中鼎股份,-2.3191442
603266,天龙股份,-2.5031147
605333,沪光股份,-2.558774
600182,S佳通,-2.2073143
605151,西上海,-1.3558155
601799,星宇股份,-2.517888
603730,岱美股份,-2.5002155
600480,凌云股份,-2.2133346
603119,浙江荣泰,-2.8779259
600469,风神股份,-2.5354075
000559,万向钱潮,-2.2829847
002870,香山股份,-2.318596
600741,华域汽车,-2.5539365
002284,亚太股份,-2.5543008
002328,新朋股份,-2.4255767
603040,新坐标,-2.962133
002516,旷达科技,-2.3971415
603950,长源东谷,-2.8429246
600742,一汽富维,-2.4213405
002662,京威股份,-2.5576801
002997,瑞鹄模具,-2.9391599
002537,海联金汇,-6.622112
002454,松芝股份,-2.5836291
600960,渤海汽车,-2.706386
605319,无锡振华,-2.5375361
603319,湘油泵,-2.4077663
601279,英利汽车,-2.5851107
601966,玲珑轮胎,-2.5301018
603166,福达股份,-2.3545194
002984,森麒麟,-2.9521823
601163,三角轮胎,-2.4231951
002536,飞龙股份,-3.477035
603768,常青股份,-2.7539315
603809,豪能股份,-2.1421375
000880,潍柴重机,-2.455575
600218,全柴动力,-2.6156468
600609,金杯汽车,-2.6614823
002906,华阳集团,-0.6027256
002283,天润工业,-2.5346012
000570,苏常柴Ａ,-2.3273091
603048,浙江黎明,-2.148251
603788,宁波高发,-2.5507388
601500,通用股份,-2.5503583
600699,均胜电子,-2.5312586
002664,信质集团,-2.4681544
605005,合兴股份,-2.4469538
002190,成飞集成,-3.0126176
603085,天成自控,-2.644174
603197,保隆科技,-2.6001334
603211,晋拓股份,-2.6114278
002448,中原内配,-2.5779853
603190,亚通精工,-2.5495028
000030,富奥股份,-2.5736098
601058,赛轮轮胎,-2.6304579
002863,今飞凯达,-2.537829
000581,威孚高科,-2.5941858
603239,浙江仙通,-2.5064225
002085,万丰奥威,-4.3257866
603158,腾龙股份,-2.4874935
605255,天普股份,-2.5837631
603089,正裕工业,-2.148919
603035,常熟汽饰,-2.5009775
600081,东风科技,-2.3779025
002715,登云股份,-2.5446682
600523,贵航股份,-2.9890766
002239,奥特佳,-2.5184717
603121,华培动力,-2.5736623
002708,光洋股份,-2.7379613
001260,坤泰股份,-2.5114117
600148,长春一东,-3.8989735
603586,金麒麟,-2.066501
600933,爱柯迪,-2.4165056
001282,三联锻造,-2.5023847
002921,联诚精密,-2.749083
605068,明新旭腾,-2.8858624
603305,旭升集团,-2.6232085
002510,天汽模,-2.5886035
002048,宁波华翔,-2.5502353
000338,潍柴动力,-2.5635047
603013,亚普股份,-2.4383354
002406,远东传动,-2.5635319
605088,冠盛股份,-2.699576
001380,华纬科技,-2.2812304
002363,隆基机械,-2.6846519
603109,神驰机电,-2.663929
000589,贵州轮胎,-2.534669
603161,科华控股,-2.546226
000700,模塑科技,-2.6335769
603758,秦安股份,-2.603561
605133,嵘泰股份,-1.7779353
603982,泉峰汽车,-1.4798322
001311,多利科技,-2.3181427
603701,德宏股份,-2.5183668
001278,一彬科技,-4.5564113
603917,合力科技,-2.5941453
000903,云内动力,-2.6886768
605018,长华集团,-2.4409332
002725,跃岭股份,-2.7898335
002590,万安科技,-3.1885166
603390,通达电气,-2.8337393
001319,铭科精技,-2.3686588
603655,朗博科技,-2.6975636
002101,广东鸿图,-2.5251155
002965,祥鑫科技,-2.5747328
002434,万里扬,-2.5364618
605228,神通科技,-2.6802654
603767,中马传动,-2.3179023
002703,浙江世宝,-5.288443
603633,徕木股份,-2.5921116
000901,航天科技,-3.0622287
000599,青岛双星,-2.3106632
603037,凯众股份,-2.4832716
002553,南方精工,-2.3126254
603335,迪生力,-2.9818053
603348,文灿股份,-2.5996318
600698,湖南天雁,-2.9476476
603006,联明股份,-2.260437
000678,襄阳轴承,-3.9249415
002976,瑞玛精密,-3.7836242
603178,圣龙股份,-2.5104833
000981,山子高科,-2.44445
002547,春兴精工,-3.0617123
603926,铁流股份,-2.48882
603949,雪龙集团,-2.5340514
600178,东安动力,-2.9586706
002813,路畅科技,-2.5859551
603129,春风动力,-2.7434707
603766,隆鑫通用,-2.8158002
603776,永安行,-2.0269368
603787,新日股份,-2.1477265
600818,中路股份,-1.9883977
002105,信隆健康,-2.1834316
603529,爱玛科技,-2.6764154
600679,上海凤凰,-2.5151243
600099,林海股份,-2.8836746
003033,征和工业,-2.2078023
000913,钱江摩托,-2.4899602
000757,浩物股份,-2.2967398
601965,中国汽研,-2.330367
600335,国机汽车,-2.350767
600386,北巴传媒,-2.236805
600822,上海物贸,-2.7251825
600653,申华控股,-2.3435135
600198,大唐电信,-3.370915
600734,实达集团,-2.2480826
003031,中瓷电子,-2.7459078
002017,东信和平,-2.068627
002104,恒宝股份,-2.2541456
603803,瑞斯康达,-2.3118389
003040,楚天龙,-2.4424052
603236,移远通信,-2.5090647
600775,南京熊猫,-2.2834473
603118,共进股份,-2.932197
603083,剑桥科技,-2.3547227
002313,日海智能,-2.4440212
600355,精伦电子,-2.558361
002583,海能达,1.7251104
002792,通宇通讯,-1.8237311
000063,中兴通讯,-2.2005072
603421,鼎信通讯,-2.3108685
600498,烽火通信,-2.221487
002396,星网锐捷,-2.0496216
002897,意华股份,-2.7836676
002281,光迅科技,-2.388965
002194,武汉凡谷,-2.319445
002296,辉煌科技,-2.3253925
002796,世嘉科技,-1.9908767
002902,铭普光磁,-2.5603652
600487,亨通光电,-2.6880136
002491,通鼎互联,-3.012815
600522,中天科技,-2.183656
601869,长飞光纤,-2.6484814
000586,汇源通信,-2.4930644
600105,永鼎股份,-2.6876712
603042,华脉科技,-2.2745814
600776,东方通信,-2.1690333
600345,长江通信,-2.183154
603106,恒银科技,-6.4483905
603019,中科曙光,-2.2276669
003004,声迅股份,-2.603004
001339,智微智能,-2.9958992
002512,达华智能,-0.78218293
603660,苏州科达,-2.3733678
002268,电科网安,-2.539081
002376,新北洋,-2.070398
603496,恒为科技,-2.0297008
002152,广电运通,-2.2602272
000977,浪潮信息,-0.22170994
002970,锐明技术,6.48248
603508,思维列控,-2.0659127
600100,同方股份,-2.1535044
002415,海康威视,-2.2106104
002577,雷柏科技,-1.8477125
002180,纳思达,-2.5332713
000066,中国长城,-1.797191
000997,新 大 陆,-2.3639627
002990,盛视科技,-2.0401075
002912,中新赛克,-2.541708
002236,大华股份,-2.4446974
002835,同为股份,-3.8369918
605118,力鼎光电,-2.4597435
001229,魅视科技,-2.3891792
603516,淳中科技,-2.9260426
600619,海立股份,-4.4981666
002050,三花智控,-2.155126
002290,禾盛新材,-2.8116388
603112,华翔股份,-2.5528035
002860,星帅尔,-1.9881542
601956,东贝集团,-2.0273829
603075,热威股份,-2.8345447
002676,顺威股份,-2.0961766
603150,万朗磁塑,-2.1701174
001268,联合精密,-2.2817864
603677,奇精机械,-2.49432
603311,金海高科,-2.2680912
002011,盾安环境,-2.2009888
002420,毅昌科技,-2.4662375
603519,立霸股份,-2.7746615
000404,长虹华意,-2.4001598
603726,朗迪集团,-2.7633705
002418,康盛股份,-2.2205281
603578,三星新材,-2.0933504
603657,春光科技,-2.1180038
000333,美的集团,-1.9142148
000651,格力电器,-2.3923395
000921,海信家电,-2.515511
600690,海尔智家,-2.0858974
002668,TCL智家,-2.669084
600336,澳柯玛,-0.576627
600983,惠而浦,-2.3965588
000521,长虹美菱,-3.848001
000016,深康佳Ａ,-2.739277
600839,四川长虹,-3.091723
002429,兆驰股份,-1.7710447
600060,海信视像,-2.074057
000801,四川九洲,-2.0052772
000810,创维数字,-1.8004875
002848,高斯贝尔,-1.5712558
600702,舍得酒业,-3.0246134
600962,国投中鲁,-3.866418
000799,酒鬼酒,-2.4020743
605499,DR东鹏饮,-2.9246578
600696,岩石股份,-2.3500342
000729,燕京啤酒,-2.7992935
600519,贵州茅台,-1.780891
600059,古越龙山,-2.2697453
002461,珠江啤酒,-3.0812235
603156,养元饮品,-2.072069
002568,百润股份,-3.179337
600597,光明乳业,-2.5182796
600887,伊利股份,-2.45721
000869,张  裕Ａ,-2.9955988
000848,承德露露,-2.36987
002732,燕塘乳业,-2.4916677
600429,三元股份,-2.2335515
600600,青岛啤酒,-2.108492
600419,天润乳业,-2.633194
600300,维维股份,-2.5647926
600573,惠泉啤酒,-2.4489813
001318,阳光乳业,-3.1516628
002304,洋河股份,-2.2600093
600132,重庆啤酒,-2.2316892
600189,泉阳泉,-2.448203
605388,均瑶健康,-2.7739892
601579,会稽山,-3.2591481
000858,五 粮 液,-1.9803634
600616,金枫酒业,-2.5813327
603779,威龙股份,-3.2332597
603589,口子窖,-2.46004
600882,妙可蓝多,-2.6076841
605300,佳禾食品,-2.1763415
600084,中信尼雅,-2.8085923
600197,伊力特,-2.5426645
605337,李子园,-2.5603518
603369,今世缘,-2.7003284
000568,泸州老窖,-2.079731
600559,老白干酒,-2.6763453
600199,金种子酒,-3.1820478
603711,香飘飘,-2.6551347
600809,山西汾酒,-2.6658802
002646,天佑德酒,-2.8554354
002910,庄园牧场,-3.0405993
000929,兰州黄河,-2.6803083
603919,金徽酒,-2.531156
002329,皇氏集团,-2.7904272
600543,莫高股份,-2.3135996
600238,海南椰岛,-2.9421182
002946,新乳业,-3.439054
605179,一鸣食品,-3.0366125
000995,皇台酒业,-2.201468
000596,古井贡酒,-2.7960172
600779,水井坊,-2.5767941
605198,安德利,-3.0948882
603198,迎驾贡酒,-2.6938844
000860,顺鑫农业,-2.777338
002570,贝因美,-6.5143356
002719,麦趣尔,-3.1108875
605339,南侨食品,-1.7074778
002956,西麦食品,-1.9854559
002847,盐津铺子,-2.698679
603866,桃李面包,-2.6062198
003000,劲仔食品,-2.7739959
002557,洽洽食品,-2.7516294
603043,广州酒家,-2.5432305
002991,甘源食品,-2.5641856
002820,桂发祥,-2.1692288
001219,青岛食品,-2.206634
002695,煌上煌,-2.757073
603697,有友食品,-2.5832572
603777,来伊份,-2.638204
603057,紫燕食品,-2.8698921
603886,元祖股份,-2.7114215
603517,绝味食品,-2.5728326
000716,黑芝麻,-1.9586395
002582,好想你,-2.3142443
603719,良品铺子,-2.694127
600298,安琪酵母,-2.7326894
603317,天味食品,-4.176654
002507,涪陵榨菜,-2.2673426
600872,中炬高新,-3.3555923
600305,恒顺醋业,-1.9931128
603288,海天味业,-2.116911
603027,千禾味业,-2.8925824
002495,佳隆股份,-2.3810825
603170,XD宝立食,-3.039765
603755,日辰股份,-2.8392143
600186,莲花控股,-4.2942796
603696,安记食品,-2.2657065
603102,百合股份,-2.0516028
002626,金达威,-2.2239609
605338,巴比食品,-2.1978283
603237,五芳斋,-1.885033
002216,三全食品,-1.9959055
002661,克明食品,-2.459373
603345,安井食品,-2.278338
002702,海欣食品,-2.3186316
000639,西王食品,-1.6329371
605089,味知香,-2.1906734
600530,交大昂立,-2.397604
603536,惠发食品,-2.380303
001215,千味央厨,-2.1113572
002515,金字火腿,-1.9543605
000895,双汇发展,-1.8802539
600073,光明肉业,-1.9026076
002726,龙大美食,-1.7433715
605567,春雪食品,-2.344528
002330,得利斯,-2.2564104
000529,广弘控股,-1.7029082
002840,华统股份,-2.7081637
000850,华茂股份,-2.872167
601339,百隆东方,-1.8536899
002083,孚日股份,-2.7249918
000726,鲁  泰Ａ,-2.616239
002394,联发股份,-2.67584
600493,凤竹纺织,-2.4675884
002042,华孚时尚,-3.4952526
600527,江南高纤,-2.6469793
603130,云中马,-1.7294375
603055,台华新材,-2.6021671
603073,彩蝶实业,-1.7645715
603889,新澳股份,-2.2179074
002144,宏达高科,-2.1086755
601599,浙文影业,-1.8969846
000955,欣龙控股,-2.4288883
600156,华升股份,-3.5334597
605180,华生科技,-3.078259
002003,伟星股份,-2.2922006
002098,浔兴股份,-2.402876
002674,兴业科技,-1.8376646
605189,富春染织,-2.9830213
600987,航民股份,-2.9581385
600448,华纺股份,-2.6382208
605055,迎丰股份,-3.2348733
002404,嘉欣丝绸,-2.6271563
002486,嘉麟杰,-3.1278486
002875,安奈儿,-5.237765
002563,森马服饰,-2.6185236
003016,欣贺股份,-3.2846642
605138,盛泰集团,-2.574562
600107,美尔雅,-1.8735421
001234,泰慕士,-2.2428293
002269,美邦服饰,-2.888969
601718,际华集团,-2.5874944
002029,七 匹 狼,-2.1240578
002780,三夫户外,-2.5443459
603839,安正时尚,-2.3481245
603587,地素时尚,-2.3423815
600177,雅戈尔,-2.6028337
002612,朗姿股份,-2.9327326
001209,洪兴股份,-2.4368367
600400,红豆股份,-2.574296
603877,太平鸟,-2.59686
603808,歌力思,-2.5707664
002762,金发拉比,-7.4176874
002687,乔治白,-1.8923141
603196,日播时尚,-4.7662115
600630,龙头股份,-2.300159
601566,九牧王,-2.6611366
002494,华斯股份,-2.7405472
002832,比音勒芬,-2.1689177
002154,报 喜 鸟,-3.1833544
603518,锦泓集团,-2.7534614
600398,海澜之家,-3.2657204
002193,如意集团,-2.3921857
603558,健盛集团,-2.172073
603307,扬州金泉,-2.5946622
603908,牧高笛,-2.1930451
603116,红蜻蜓,-2.5010405
002763,汇洁股份,-2.2855103
603511,爱慕股份,-2.1873612
603001,奥康国际,-2.1548452
600137,浪莎股份,-2.3237476
603665,康隆达,-2.9127574
002634,棒杰股份,-2.0987227
603958,哈森股份,-3.7949514
003041,真爱美家,-1.7723362
605003,众望布艺,-1.9291104
002293,罗莱生活,-1.7913991
603365,水星家纺,-1.8622752
002397,梦洁股份,-2.161573
002327,富安娜,-1.9914469
600612,老凤祥,-2.7815309
605599,菜百股份,-3.0933442
002867,周大生,-2.4654603
000026,飞亚达,-2.7863607
600916,中国黄金,-2.9492803
002345,潮宏基,-2.7808404
002574,明牌珠宝,-2.6958833
600735,新华锦,-2.8754592
600439,瑞贝卡,-4.699992
603900,莱绅通灵,-5.917886
002731,萃华珠宝,-2.768115
000017,深中华A,-2.8539248
603863,松炀资源,-1.4618055
002012,凯恩股份,-2.8740845
002078,太阳纸业,-2.0765023
600308,华泰股份,-2.6798153
600963,岳阳林纸,-4.3058505
600235,民丰特纸,-2.2559485
600793,宜宾纸业,-2.5459895
002521,齐峰新材,-4.3195114
600356,恒丰纸业,-2.1660428
002067,景兴纸业,-2.0258522
000488,晨鸣纸业,-2.7536922
605377,华旺科技,-2.4684339
600433,冠豪高新,-2.5918436
603733,仙鹤股份,-0.45826223
603165,荣晟环保,-2.5553007
600103,青山纸业,-1.8920933
605500,森林包装,-2.4682803
000815,美利云,-2.5940967
600966,博汇纸业,-3.200292
600567,山鹰国际,-2.674684
605007,五洲特纸,-1.7158746
002235,安妮股份,-2.5925412
002831,裕同科技,-2.3778
603499,翔港科技,-5.521332
002229,鸿博股份,-2.3831656
002014,永新股份,-2.6052237
603058,永吉股份,-1.8821466
603607,京华激光,-2.2644596
002701,奥瑞金,-2.8093553
002191,劲嘉股份,-2.233252
002799,环球印务,-2.5250373
002117,东港股份,-2.3221655
003018,金富科技,-2.55091
601968,宝钢包装,-1.6086997
600210,紫江企业,-2.6988802
002374,中锐股份,-2.9251075
002787,华源控股,-2.9709826
603687,大胜达,-2.3345613
000812,陕西金叶,-2.2534442
002752,昇兴股份,-2.4861884
002565,顺灏股份,-3.104237
002969,嘉美包装,-1.9800996
002599,盛通股份,-3.9078813
600076,康欣新材,-2.6448855
002303,美盈森,-3.0208635
002228,合兴包装,-2.4205143
003003,天元股份,-2.9464664
603022,新通联,-2.2488165
601515,东峰集团,-2.700368
603429,集友股份,-1.6077269
002846,英联股份,-2.699576
002836,新宏泽,-1.9352994
002735,王子新材,-2.053536
000659,珠海中富,-2.4266486
000695,滨海能源,-2.943098
003011,海象新材,-2.5990138
000910,大亚圣象,-2.1866193
603226,菲林格尔,-2.0569305
003012,东鹏控股,-2.6453466
002798,帝欧家居,-2.2608523
002918,蒙娜丽莎,-2.5990553
603221,爱丽家居,-2.5741806
002162,悦心健康,-3.3574438
603615,茶花股份,-2.0554767
603992,松霖科技,-3.2272468
603195,公牛集团,-2.3576097
001238,浙江正特,-2.5452528
002084,海鸥住工,-2.69066
601996,丰林集团,-2.5875459
001322,箭牌家居,-2.6396265
002615,哈尔斯,-2.3811536
603385,惠达卫浴,-2.8047385
605155,西大门,-1.8384887
001216,华瓷股份,-3.6330194
001211,双枪科技,-2.5580754
603408,建霖家居,-2.9329247
605099,共创草坪,-2.2035847
603838,四通股份,-2.3979435
002571,德力股份,-2.8329277
603272,联翔股份,-2.751793
002790,瑞尔特,-2.5837379
603021,山东华鹏,-2.8475733
603600,永艺股份,-2.5239964
001323,慕思股份,-2.7566423
603816,顾家家居,-2.9902887
603313,梦百合,-2.2007055
603610,麒盛科技,-2.3236318
002489,浙江永强,-2.1050224
603008,喜临门,-2.611683
603661,恒林股份,-2.5074062
603818,曲美家居,-3.126832
603709,中源家居,-3.0429373
603389,亚振家居,-2.697228
603848,好太太,-2.5168347
600337,美克家居,-3.2692199
002301,齐心集团,-2.1928043
002862,实丰文化,-2.6425037
002899,英派斯,-3.036921
001368,通达创智,-2.520177
001222,源飞宠物,-2.3228586
605299,舒华体育,-2.062127
002103,广博股份,-3.5796332
002678,珠江钢琴,-2.5316863
603899,晨光股份,-2.05996
605080,浙江自然,-2.1247687
001300,三柏硕,-2.5185385
002348,高乐股份,-3.230226
603898,好莱客,-2.4004488
605268,王力安防,-2.600255
603216,梦天家居,-2.8063636
603180,金牌家居,-2.6352139
002631,德尔未来,-3.4576445
603833,欧派家居,-2.8460755
603326,我乐家居,-2.5662007
603208,江山欧派,-2.7256699
002572,索菲亚,-3.448979
603801,志邦家居,-2.90834
002853,皮阿诺,-2.5755715
002094,青岛金王,-5.326661
002001,新 和 成,-1.6394635
002294,信立泰,-1.5613716
000739,普洛药业,-2.3135538
002653,海思科,-3.4589705
603707,健友股份,-2.9067492
001367,海森药业,-2.6152997
000513,丽珠集团,-1.6980034
002262,恩华药业,-2.135106
002020,京新药业,-2.048797
002422,科伦药业,-2.3630834
600420,国药现代,-1.7682341
002019,亿帆医药,-2.2481523
002399,海普瑞,-2.322753
002755,奥赛康,-2.6067157
603235,天新药业,-2.352317
002550,千红制药,-2.584361
600062,华润双鹤,-2.4240732
605507,国邦医药,-2.021459
002332,仙琚制药,-2.5222535
002923,润都股份,-2.4577117
600521,华海药业,-2.7722006
600079,人福医药,-1.6198958
002675,东诚药业,-2.2336295
600216,浙江医药,-2.2297816
002393,力生制药,-1.9799782
603367,辰欣药业,-2.0581772
600380,健康元,-1.6525468
600276,恒瑞医药,-2.5660262
000813,德展健康,-2.2172103
605116,奥锐特,-2.572743
600664,哈药股份,-2.066225
600488,津药药业,-2.4444623
603229,奥翔药业,-2.526846
603811,诚意药业,-2.5724444
000963,华东医药,-2.1257806
601089,福元医药,-1.7966121
002793,罗欣药业,-2.0987215
600267,海正药业,-2.227429
600513,联环药业,-2.2727432
002900,哈三联,-2.5565853
603538,美诺华,-2.0109053
600196,复星医药,-1.8082767
000919,金陵药业,-1.9221897
603669,灵康药业,-2.2546272
002004,华邦健康,-2.453576
000597,东北制药,-2.5004373
603351,威尔药业,-2.3898516
603676,卫信康,-2.7903547
600812,华北制药,-2.0240946
000788,北大医药,-2.3571935
000756,新华制药,-2.3562026
002365,永安药业,-2.533144
000153,丰原药业,-2.4494476
000915,华特达因,-2.31966
605177,东亚药业,-2.5944948
002437,誉衡药业,-2.5334792
600200,江苏吴中,-2.2819405
002102,能特科技,-2.1253886
002826,易明医药,-2.2040696
002940,昂利康,-1.8669032
000952,广济药业,-2.167016
000766,通化金马,-3.3909802
003020,立方制药,-2.4321237
600613,神奇制药,-2.740816
002099,海翔药业,-2.3177426
000566,海南海药,-3.1983314
000953,河化股份,-2.0443873
002370,亚太药业,-2.1019835
600624,复旦复华,-2.4900293
603168,莎普爱思,-2.5562596
600789,鲁抗医药,-2.3623528
600851,海欣股份,-2.2286205
603520,司太立,-2.3524365
600774,汉商集团,-2.091267
002898,赛隆药业,-2.708274
000931,中 关 村,-2.8283
002038,双鹭药业,-1.6934288
002773,康弘药业,-2.314791
600285,羚锐制药,-2.7758393
000999,华润三九,-2.1602378
000423,东阿阿胶,-2.411851
603858,步长制药,-2.044602
603998,方盛制药,-3.3373594
600750,江中药业,-1.9310614
000623,吉林敖东,-2.767377
600535,天士力,-1.8878354
002644,佛慈制药,-2.4216328
002166,莱茵生物,-2.6157718
000538,云南白药,-1.8988094
600594,益佰制药,-2.3597558
002275,桂林三金,-2.261392
000650,仁和药业,-2.199606
600993,马应龙,-2.366283
002287,奇正藏药,-2.9685922
600332,白云山,-2.1090984
600771,广誉远,-2.4847293
603896,寿仙谷,-2.730093
002907,华森制药,-1.8605982
600252,中恒集团,-2.5589404
002603,以岭药业,-2.7115245
002349,精华制药,-2.680241
600329,达仁堂,-2.538221
600572,康恩贝,-2.1650891
600436,片仔癀,-2.7941446
000790,华神科技,-2.352265
002317,众生药业,-2.479144
600351,亚宝药业,-1.9104092
603567,珍宝岛,-2.7743444
002737,葵花药业,-2.2167754
002412,汉森制药,-2.046196
603439,贵州三力,-2.6308665
002390,信邦制药,-2.7427459
600566,济川药业,-2.4813113
600080,金花股份,-2.846458
002082,万邦德,-1.9598225
002864,盘龙药业,-1.9193996
002566,益盛药业,-2.317955
002107,沃华医药,-2.923571
605199,葫芦娃,-2.8013916
002728,特一药业,-2.5011244
002873,新天药业,-2.185836
600518,康美药业,-2.1560364
603139,康惠制药,-2.7480206
600085,同仁堂,-2.2185898
600422,昆药集团,-2.7246556
002198,嘉应制药,-2.8176494
600222,太龙药业,-2.2068157
000590,启迪药业,-2.261311
600129,太极集团,-2.6582928
600557,康缘药业,-2.221147
600976,健民集团,-2.7707772
000661,长春高新,-2.4326468
603087,甘李药业,-1.7516985
600211,西藏药业,-2.256597
002581,未名医药,-1.76744
600867,通化东宝,-1.837006
603590,康辰药业,-1.6483715
000518,四环生物,-2.1698694
000534,万泽股份,-1.7368205
600739,辽宁成大,-3.0771594
603392,万泰生物,-2.7642593
002007,华兰生物,-2.395946
600161,天坛生物,-2.785605
002252,上海莱士,-1.2437887
000403,派林生物,-2.0090744
002880,卫光生物,-2.573423
002589,瑞康医药,-4.083137
603108,润达医疗,-3.4123516
601607,上海医药,-2.1503725
600511,国药股份,-1.9695657
002788,鹭燕医药,-2.7230492
600833,第一医药,-2.3639944
000411,英特集团,-1.8234136
000705,浙江震元,-2.436284
600056,中国医药,-2.1398249
600713,南京医药,-2.1972237
002727,一心堂,-2.5407538
000028,国药一致,-2.231729
000950,重药控股,-2.50322
002462,嘉事堂,-2.5919309
000078,海王生物,-3.190618
600829,人民同泰,-2.6351933
603368,柳药集团,-2.052412
603122,合富中国,-2.4773817
603716,塞力医疗,-3.1751642
600998,九州通,-2.4909039
603233,大参林,-2.4518938
600272,开开实业,-2.4505525
605266,健之佳,-2.7378511
603883,老百姓,-2.3798752
603939,益丰药房,-2.6284142
603658,安图生物,-2.7748575
600645,中源协和,-2.2562604
603387,基蛋生物,-2.4180672
002022,科华生物,-2.6139617
002030,达安基因,-2.6500134
600807,济南高新,-2.415343
002086,东方海洋,-2.5322866
002932,明德生物,-2.126051
600538,国发股份,-2.3007178
002223,鱼跃医疗,-2.1528509
002432,九安医疗,-2.300038
600055,万东医疗,-2.1744254
600587,新华医疗,-2.405391
600529,山东药玻,-2.2825212
002382,蓝帆医疗,-2.1862319
603976,正川股份,-2.6752057
605369,拱东医疗,-3.3027825
002901,大博医疗,-2.72364
603222,济民健康,-2.1240144
002551,尚荣医疗,-2.4726768
002817,黄山胶囊,-1.7639383
002950,奥美医疗,-2.4196377
603309,维力医疗,-2.497593
603987,康德莱,-1.9187158
603880,南卫股份,-2.626204
603301,振德医疗,-2.2230535
600886,国投电力,-1.979329
600900,长江电力,-2.0002007
600674,川投能源,-2.1907425
600025,华能水电,-2.4604468
002039,黔源电力,-2.2542472
000791,甘肃能源,-1.8356371
600236,桂冠电力,-2.1569753
000722,湖南发展,-2.7275233
600868,梅雁吉祥,-2.1356795
000601,韶能股份,-1.6074909
000993,闽东电力,-2.9769888
600863,内蒙华电,-2.2158513
000027,深圳能源,-2.7243466
600795,国电电力,-2.3257508
000543,皖能电力,-2.75919
600642,申能股份,-2.1866858
000539,粤电力Ａ,-2.2548265
001286,陕西能源,-1.9739888
600578,京能电力,-2.568522
601991,大唐发电,-1.8153458
600023,浙能电力,-2.1477883
600027,华电国际,-2.6436992
600011,华能国际,-2.6516657
000531,穗恒运Ａ,-2.9284873
600021,上海电力,-2.4660363
001896,豫能控股,-2.165958
002608,江苏国信,-2.7727275
600157,永泰能源,-2.9077454
600509,天富能源,-2.5685372
000600,建投能源,-2.4207609
000690,宝新能源,-1.885377
000966,长源电力,-2.468851
000899,赣能股份,-1.4180396
600780,通宝能源,-2.3461602
600744,华银电力,-1.9382414
600396,华电辽能,-2.6134992
000767,晋控电力,-2.7286768
000037,深南电A,-2.2038436
601985,中国核电,-2.2766576
002617,露笑科技,-2.6603875
601222,林洋能源,-2.182832
600821,金开新能,-2.2426562
600905,三峡能源,-1.9960645
000591,太阳能,-2.0362358
600163,中闽能源,-2.6599464
601619,嘉泽新能,-1.9293164
000537,中绿电,-2.5487294
601016,节能风电,-2.3946505
003816,中国广核,-2.377316
001258,立新能源,-2.4709148
601908,京运通,-2.7418694
000862,银星能源,-2.4961143
002218,拓日新能,-2.9243379
600032,浙江新能,-2.3292232
603693,江苏新能,-2.2553406
601778,晶科科技,-2.6759987
001289,龙源电力,-2.541572
000155,川能动力,-2.476376
002480,新筑股份,-2.207796
002616,长青集团,-2.2491646
600956,新天绿能,-2.0617828
603105,芯能科技,-2.5372095
002256,兆新股份,-7.464046
000883,湖北能源,-2.248107
600116,三峡水利,-2.062242
600995,南网储能,-2.1671991
600452,涪陵电力,-2.6888719
600483,福能股份,-2.0353718
003035,南网能源,-2.234047
000875,吉电股份,-2.2394576
600310,广西能源,-2.6039295
600644,乐山电力,-2.3937368
600979,广安爱众,-2.9982505
600969,郴电国际,-0.08316046
600505,西昌电力,-4.121633
600101,明星电力,-4.102793
600052,东望时代,-2.1185489
600167,联美控股,-2.6655006
600982,宁波能源,-2.0753286
605028,世茂能源,-2.0306304
002479,富春环保,-2.1165195
605162,新中港,-2.2071676
001210,金房能源,-2.0793567
600149,廊坊发展,-2.3843899
605580,恒盛能源,-2.8138752
600226,亨通股份,-2.2127442
002015,协鑫能科,-2.7047892
600475,华光环能,-2.2183604
605011,杭州热电,-3.4482656
000692,惠天热电,-2.1857176
002893,京能热力,-2.5976615
600719,大连热电,-2.3105912
600575,淮河能源,-2.732152
605169,洪通燃气,-1.8166109
603689,皖天然气,-2.728598
603318,水发燃气,-2.9370031
002267,陕天然气,-2.8360257
600917,重庆燃气,-2.5455613
600803,新奥股份,-2.9784913
600635,大众公用,-3.1426444
603053,成都燃气,-2.5867524
002911,佛燃能源,-2.7503371
605368,蓝天燃气,-2.309278
001299,美能能源,-2.899023
603080,新疆火炬,-3.0335593
601139,深圳燃气,-2.812827
600903,贵州燃气,-2.3330824
605090,九丰能源,-2.822925
001331,胜通能源,-2.9923005
000407,胜利股份,-2.8604212
000593,德龙汇能,-2.6029997
600333,长春燃气,-2.6719055
603706,东方环宇,-2.9436994
600617,国新能源,-2.8205051
000421,南京公用,-2.7147412
600681,百川能源,-2.681151
001872,招商港口,-1.6654996
601000,唐山港,-2.822276
000905,厦门港务,-2.097547
601228,广州港,-2.2202148
600017,日照港,-2.5457606
600717,天津港,-2.403078
601880,辽港股份,-2.403388
000582,北部湾港,-1.8102734
601298,青岛港,-3.1679688
000507,珠海港,-2.5917325
601326,秦港股份,-2.5279646
601008,连云港,-2.173174
600018,上港集团,-2.5487013
600279,重庆港,-2.9050846
000088,盐 田 港,-2.5094128
002040,南 京 港,-2.6520424
601018,宁波港,-2.152955
600026,中远海能,-2.56945
603167,渤海轮渡,-2.624548
600798,宁波海运,-2.30133
603209,兴通股份,-2.7855997
001205,盛航股份,-2.51509
600751,海航科技,-2.5614672
002320,海峡股份,-2.3686254
601872,招商轮船,-3.024303
600428,中远海特,-2.9964948
603162,海通发展,-2.9570704
601975,招商南油,-2.4507146
601919,中远海控,-2.9607158
601866,中远海发,-2.1964312
601022,宁波远洋,-2.7424412
600179,安通控股,-2.7165785
000520,凤凰航运,-5.11158
603565,中谷物流,-2.903695
601816,京沪高铁,-2.3731513
601006,大秦铁路,-2.3736002
600125,铁龙物流,-2.6782732
601333,广深铁路,-3.1669488
001213,中铁特货,-2.826748
000557,西部创业,-2.3658543
600611,大众交通,-6.1568213
600650,锦江在线,-5.78791
600834,申通地铁,-2.1455941
002357,富临运业,-2.336227
600561,江西长运,-3.2940068
603069,海汽集团,-2.401915
000429,粤高速Ａ,-2.963717
600012,皖通高速,-3.2173538
001965,招商公路,-3.1284661
600548,深高速,-2.0993018
000900,现代投资,-2.485931
600350,山东高速,-2.580874
600377,宁沪高速,-2.6050358
601107,四川成渝,-2.1174822
600269,赣粤高速,-2.8151913
600035,楚天高速,-2.4528713
600368,五洲交通,-2.6169987
600020,中原高速,-2.8407998
600033,福建高速,-2.413928
601518,吉林高速,-2.5464692
601188,龙江交通,-3.7760148
600106,重庆路桥,-5.9221063
000548,湖南投资,-2.8469305
000755,山西高速,-2.6956596
000828,东莞控股,-2.9026308
002627,三峡旅游,-1.924191
603885,吉祥航空,-3.2836375
002928,华夏航空,-2.1714
600115,中国东航,-2.1237097
601111,中国国航,-1.6730815
601021,春秋航空,-2.7007737
600029,南方航空,-1.8915968
600221,海航控股,-2.4568706
000099,中信海直,-2.1010766
000089,深圳机场,-1.8213515
600897,厦门空港,-1.8796874
600004,白云机场,-1.9379691
600009,上海机场,-2.1101398
600515,海南机场,-2.354899
603871,嘉友国际,-3.0618854
601156,东航物流,-2.787682
600233,圆通速递,-2.2003193
600057,厦门象屿,-2.7028437
601598,中国外运,-2.9120612
603066,音飞储存,-2.7153444
002468,申通快递,-1.6157631
002010,传化智联,-2.632966
603128,华贸物流,-2.1033223
603071,物产环能,-2.087417
600794,保税科技,-2.198089
002352,顺丰控股,-2.8483653
002492,恒基达鑫,-2.3403058
001202,炬申股份,-2.4752913
603836,海程邦达,-2.9289947
000927,中国铁物,-2.299942
603056,德邦股份,-1.8133428
600119,长江投资,-2.5756683
002120,韵达股份,-2.0288334
002930,宏川智慧,-3.039679
002800,天顺股份,-2.7159114
600787,中储股份,-2.284584
603648,畅联股份,-2.1965334
603967,中创物流,-2.7278924
001228,永泰运,-3.0465322
600704,物产中大,-3.028316
002682,龙洲股份,-2.3104095
600753,庚星股份,-2.843112
603329,上海雅仕,-2.2256527
600153,建发股份,-3.0369067
605050,福然德,-2.8253293
002769,普路通,-2.4644103
001317,三羊马,-2.3773313
002889,东方嘉盛,-2.4516897
603713,密尔克卫,-2.9282255
000906,浙商中拓,-2.4104195
600755,厦门国贸,-2.6686234
600180,瑞茂通,-2.0812366
603569,长久物流,-2.3774831
603813,原尚股份,-2.8377275
603535,嘉诚国际,-5.308819
603117,万林物流,-2.3009412
002183,怡 亚 通,-2.4117355
600895,张江高科,-3.8503323
600648,外高桥,-1.9504957
601512,中新集团,-2.734476
600848,上海临港,-2.3383577
600082,海泰发展,-2.1723502
600340,华夏幸福,-3.123043
600639,浦东金桥,-2.7230167
600463,空港股份,-2.7543187
600658,电子城,-3.1917887
600604,市北高新,-2.760203
600208,衢州发展,-2.295065
600641,万业企业,-2.2449608
600246,万通发展,-2.9160252
000402,金 融 街,-4.4678545
600846,同济科技,-2.084194
600649,城投控股,-5.905749
600736,苏州高新,-2.0914927
600503,华丽家族,-2.0448208
000668,荣丰控股,-2.5085897
000029,深深房Ａ,-2.2643502
000036,华联控股,-2.3554752
600064,南京高科,-2.1081705
000006,深振业Ａ,-4.0847116
600854,春兰股份,-2.1416786
600791,京能置业,-2.072174
000886,海南高速,-3.8373337
601588,北辰实业,-2.414658
600675,中华企业,-2.2917314
600743,华远地产,-1.9946481
600510,黑牡丹,-3.2798018
002133,广宇集团,-2.0083652
600773,西藏城投,-2.4417295
600173,卧龙地产,-2.3006158
600692,亚通股份,-2.020946
600325,华发股份,-2.999072
000042,中洲控股,-2.606398
600748,上实发展,-2.5764909
600716,凤凰股份,-2.016436
000573,粤宏远Ａ,-2.1621356
600665,天地源,-2.3121123
002314,南山控股,-2.2095642
000926,福星股份,-2.071896
000090,天健集团,-2.256968
002146,荣盛发展,-2.4325533
600708,光明地产,-2.005326
600067,冠城大通,-2.1179829
600622,光大嘉宝,6.0988526
000863,三湘印象,-2.3014836
600185,格力地产,-3.5503964
600533,栖霞建设,-2.1365678
600094,大名城,-2.3968482
000797,中国武夷,-3.149672
000718,苏宁环球,-2.5414276
600638,新黄浦,-2.3868577
600683,京投发展,-2.7530951
000014,沙河股份,-2.174038
000736,中交地产,-3.294785
600048,保利发展,-3.121243
000011,深物业A,-2.1637096
600266,城建发展,-2.5092053
000002,万  科Ａ,-3.0115814
000514,渝 开 发,-3.3242407
002244,滨江集团,-2.7501159
000838,财信发展,-2.9774923
600383,金地集团,-2.4466481
600606,绿地控股,-2.8053417
000620,新华联,-2.4615688
600376,首开股份,-2.4283576
600657,信达地产,5.943864
000517,荣安地产,-2.9597569
000965,天保基建,-2.2226653
600159,大龙地产,-2.5202694
000897,津滨发展,-2.1800897
600322,津投城开,-7.4891615
600162,香江控股,-2.4348216
601155,新城控股,-4.0992546
600724,宁波富达,-2.04
000031,大悦城,-3.0865316
600663,陆家嘴,-2.693088
600007,中国国贸,-2.0747905
002305,南国置业,-2.8623457
001979,招商蛇口,-3.377305
000069,华侨城Ａ,-3.7762222
000608,阳光股份,-3.5391922
002968,新大正,-2.2053566
603506,南都物业,-2.4784617
600684,珠江股份,-4.1795545
002188,中天服务,-2.4965525
001914,招商积余,-2.578421
002285,世联行,-2.2368455
000560,我爱我家,-4.4311733
601288,农业银行,-2.408742
601398,工商银行,-2.3434439
601939,建设银行,-2.5311232
601988,中国银行,-2.35462
601328,交通银行,-2.1011
601658,邮储银行,-2.4364076
601825,沪农商行,-2.850295
601128,常熟银行,-2.5109177
601077,渝农商行,-3.0843825
600908,无锡银行,-1.7840866
002839,张家港行,-2.078078
002958,青农商行,-2.2176778
603323,苏农银行,-1.9005107
601860,紫金银行,-2.468741
002807,江阴银行,-1.9608375
601528,瑞丰银行,-2.48203
601665,齐鲁银行,-2.7973237
002966,苏州银行,-2.6250906
600926,杭州银行,-2.3861375
600919,江苏银行,-2.533208
601997,贵阳银行,-2.1446056
601838,成都银行,-2.273609
601229,上海银行,-2.379994
601169,北京银行,-2.3717868
601577,长沙银行,-2.522087
601963,重庆银行,-2.6352558
600928,西安银行,-2.5512052
002948,青岛银行,-2.353354
601187,厦门银行,-2.211053
601009,南京银行,-2.380277
001227,兰州银行,-2.1453543
002936,郑州银行,-2.2228112
002142,宁波银行,-2.219625
600000,浦发银行,-2.1848345
601166,兴业银行,-2.3874526
600036,招商银行,-2.487534
601818,光大银行,-1.9519446
600016,民生银行,-2.0930853
601916,浙商银行,-2.6042366
601998,中信银行,-2.342566
600015,华夏银行,-2.321749
000001,平安银行,-2.2432709
002423,中粮资本,4.4648275
600390,五矿资本,-4.0030856
002647,仁东控股,-4.2557883
000987,越秀资本,-3.5976381
000567,海德股份,5.388618
600783,鲁信创投,-2.292284
000617,中油资本,-8.822928
600816,建元信托,-2.6147046
600517,国网英大,-2.3221436
600927,永安期货,-3.6737227
600705,中航产融,-3.957047
600061,国投资本,-2.7686725
603123,翠微股份,-2.7622657
000415,渤海租赁,-2.2257712
600120,浙江东方,-3.6563697
600901,江苏金租,-2.4268165
603093,南华期货,-3.1354003
603300,华铁应急,-2.656962
000532,华金资本,-2.6145973
600318,新力金融,-3.82022
600643,爱建集团,-2.8527074
600053,九鼎投资,-2.6712003
002961,瑞达期货,-2.9046712
600830,香溢融通,-2.7075076
001236,弘业期货,-4.1604605
000563,陕国投Ａ,-2.6381931
601336,新华保险,-2.8096714
601318,中国平安,-2.5661912
601628,中国人寿,-3.2760987
000627,天茂集团,-4.3016367
601601,中国太保,-2.483149
601319,中国人保,-2.565774
000750,国海证券,-5.0557747
601162,天风证券,-5.300218
600999,招商证券,-2.5087318
600030,中信证券,-3.616438
601066,中信建投,-5.547615
000783,长江证券,-2.4298992
601099,太平洋,-3.1337233
601696,中银证券,-3.2026896
601456,国联证券,-3.5806565
600369,西南证券,-2.2970166
000166,申万宏源,-2.4019516
002945,华林证券,-2.4547882
601375,中原证券,-2.477582
002673,西部证券,-2.187397
600958,东方证券,-2.4413662
601688,华泰证券,-2.1340146
601881,中国银河,-4.4910827
601108,财通证券,-2.087166
000776,广发证券,-2.0657625
002797,第一创业,-2.2389688
600909,华安证券,-1.9995662
600864,哈投股份,-3.113071
601788,光大证券,-2.4124827
601990,南京证券,-2.4019678
600109,国金证券,-2.4274879
002500,山西证券,-2.3963616
601236,红塔证券,-6.8618727
601878,浙商证券,-2.442112
000686,东北证券,-2.1462607
601136,首创证券,-3.487587
601995,中金公司,-4.482254
601198,东兴证券,-5.922458
600906,财达证券,-2.4263573
600918,中泰证券,-2.3980994
002926,华西证券,-2.4507995
601901,方正证券,-2.34859
600155,华创云信,-2.709384
600095,湘财股份,-2.0644145
600621,华鑫股份,-2.5004086
000712,锦龙股份,-3.6646442
002670,国盛金控,-2.4815264
601059,信达证券,-3.4468217
601377,兴业证券,-2.4100375
002939,长城证券,-2.4638052
601555,东吴证券,-2.352304
000728,国元证券,-2.4890943
000007,全新好,-2.6101327
002818,富森美,-2.4314723
600605,汇通能源,-2.3348207
600415,小商品城,-4.176406
000061,农 产 品,-2.412343
600113,浙江东日,-2.4241447
002344,海宁皮城,-2.566483
600790,轻纺城,-2.2501326
600655,豫园股份,-2.0710087
000056,皇庭国际,-2.6199312
000785,居然之家,-2.654255
603682,XD锦和商,-2.242846
600738,丽尚国潮,-2.7300143
000523,红棉股份,-2.7760463
000058,深 赛 格,-2.7544417
002177,御银股份,-3.6224122
601828,美凯龙,-3.3845096
000882,华联股份,-2.7058206
600239,云南城投,-9.004303
600697,欧亚集团,-2.3825572
600865,百大集团,-2.4179113
600778,友好集团,-2.9372969
600824,益民集团,-2.6335297
600628,新世界,-2.6801014
600694,大商股份,-2.6969643
603101,汇嘉时代,-2.504004
601010,文峰股份,-3.0282006
002419,天虹股份,-2.3506756
000417,合百集团,-2.7969728
600827,百联股份,-3.2511835
600693,东百集团,-2.6086059
600858,银座股份,-3.1219802
601116,三江购物,-3.2447195
000501,武商集团,-3.00178
601366,利群股份,-2.784799
002697,红旗连锁,-2.5104842
605188,国光连锁,-3.2241368
000715,中兴商业,-3.121976
600327,大东方,-5.6010485
600828,茂业商业,-2.572235
603708,家家悦,-3.0829492
600785,新华百货,-3.0608592
000419,通程控股,-4.664349
002277,友阿股份,-2.341546
600712,南宁百货,-3.1519923
002187,广百股份,-2.772818
600814,杭州解百,-4.233203
000564,供销大集,-3.6189456
600857,宁波中百,-2.4273968
601086,国芳集团,-6.696576
002356,赫美集团,-2.9062467
000679,大连友谊,-3.4303517
600838,上海九百,-3.3515744
002561,徐家汇,-5.0033455
000759,中百集团,-2.6972246
600859,王府井,-3.2347426
600729,重庆百货,-3.2616034
601933,永辉超市,-3.7855887
600280,中央商场,-4.4947357
002416,爱施德,-2.4857984
000829,天音控股,-4.1401944
603214,爱婴室,-4.4022326
601888,中国中免,-2.2827148
002091,江苏国泰,-2.3470578
600725,云维股份,-2.9621024
601061,中信金属,-2.133041
600278,东方创业,-2.6712976
000626,远大控股,-1.9556527
600710,苏美达,-2.143797
000701,厦门信达,-3.1147132
002072,凯瑞德,-1.6103591
600058,五矿发展,-2.441215
600128,苏豪弘业,-2.6304502
600981,汇鸿集团,-2.8994408
000151,中成股份,-4.9131527
600250,南京商旅,-2.8624864
601028,玉龙股份,-3.5462613
002707,众信旅游,-0.33432367
600138,中青旅,-2.20577
600258,首旅酒店,-2.9545393
600054,黄山旅游,-1.96502
002033,丽江股份,-2.3470817
000558,莱茵体育,-2.2118268
600749,西藏旅游,-2.321004
600754,锦江酒店,-5.039042
601007,金陵饭店,-2.1635976
603199,九华旅游,-3.4979124
000888,峨眉山Ａ,-3.0215101
603136,天目湖,-2.466539
002186,全 聚 德,-2.1261597
000524,岭南控股,-2.780779
603099,长白山,-3.242289
002059,云南旅游,-2.2332072
000978,桂林旅游,-2.4770756
605108,同庆楼,-3.6844602
600593,大连圣亚,-2.473198
002159,三特索道,-2.6541772
600576,祥源文旅,-2.8046637
600706,曲江文旅,-2.5617304
000428,华天酒店,-2.701705
000610,西安旅游,-2.1259089
000721,西安饮食,-2.8074036
000430,张家界,-3.4081392
002306,中科云网,-2.1878982
002123,梦网科技,-4.8366437
002544,普天科技,-2.5626974
600941,中国移动,-2.2336497
601728,中国电信,-2.1772075
600050,中国联通,-2.2331386
603220,中贝通信,-1.9843552
603881,数据港,-2.3989215
603322,超讯通信,-2.5120454
002467,二六三,-2.5018053
603602,纵横通信,-2.0728726
002929,润建股份,-2.4683714
002148,北纬科技,-2.2825227
002115,三维通信,-2.7934237
000839,中信国安,-1.3888195
603206,嘉环科技,-3.421988
000676,智度股份,-3.9630632
600640,国脉文化,-2.3355339
002027,分众传媒,-1.9887012
002400,省广集团,-2.1491003
600986,浙文互联,-2.9749022
002354,天娱数科,-2.5793676
000607,华媒控股,-2.1168466
600556,天下秀,-2.4634075
000917,电广传媒,-2.5652146
002995,天地在线,-2.467801
002878,元隆雅图,-2.0977998
002712,思美传媒,-2.5219111
002291,遥望科技,-2.3589597
603825,华扬联众,-6.1623116
605168,三人行,-2.2340083
002264,新 华 都,-2.3653665
603598,引力传媒,-2.2090197
603729,龙韵股份,-1.6802382
600358,国旅联合,-2.137189
002517,恺英网络,-3.3549833
600633,浙数文化,-3.3105774
603444,吉比特,-2.8129811
002558,巨人网络,-2.2909994
002624,完美世界,-2.7013478
002602,世纪华通,-2.643484
002605,姚记科技,-2.5733829
002919,名臣健康,-2.284783
002174,游族网络,-2.68575
002555,三七互娱,-2.1911962
600892,大晟文化,-3.8898382
603258,电魂网络,-2.4670563
603888,新华网,-2.6774206
603000,人民网,-2.517713
000681,视觉中国,-2.2913451
600228,返利科技,-2.4338365
002095,生 意 宝,-2.184814
603466,风语筑,-2.4917784
603533,掌阅科技,-2.9140902
601098,中南传媒,-2.2499168
601928,凤凰传媒,-2.3165278
002181,粤 传 媒,-1.9666001
601801,皖新传媒,-2.124024
600373,中文传媒,-2.3346848
600229,城市传媒,-2.0586972
601999,出版传媒,-1.8274127
600757,长江传媒,-2.2362452
603230,内蒙新华,-2.0475202
601900,南方传媒,-2.4112706
601921,浙版传媒,-2.4826064
000719,中原传媒,-3.6386523
603999,读者传媒,-2.341948
601858,中国科传,-2.7792883
600551,时代出版,-2.2640648
600825,新华传媒,-2.454255
601811,新华文轩,-2.163588
601949,中国出版,-2.0312
603096,新经典,-2.3396611
000793,华闻集团,-2.2106814
605577,龙版传媒,-2.5977726
601019,山东出版,-2.4468074
000802,北京文化,-2.2304199
600977,中国电影,-2.1186888
000892,欢瑞世纪,-2.0547657
600088,中视传媒,-2.8025408
001330,博纳影业,-2.3206406
002739,万达电影,-2.0016499
603103,横店影视,-2.3340087
002292,奥飞娱乐,-2.1207397
002905,金逸影视,-1.6981918
002343,慈文传媒,-2.718039
603721,中广天择,-3.3130808
601595,上海电影,-2.3817492
600637,东方明珠,-1.9400192
600959,江苏有线,-2.3146756
000156,华数传媒,-2.3511229
600037,歌华有线,-2.2482438
600936,广西广电,-2.0912457
002238,天威视讯,-2.378631
600996,贵广网络,-2.6554418
000665,湖北广电,-1.8667827
601929,吉视传媒,-2.673431
600770,综艺股份,-5.5052953
600673,东阳光,-2.5554543
002213,大为股份,-2.715744
002758,浙农股份,-2.4288497
600098,广州发展,-1.8272151
600784,鲁银投资,-3.158959
600051,宁波联合,-2.1281738
000833,粤桂股份,-3.508174
600676,交运股份,-2.6094346
000652,泰达股份,-3.0557284
600805,悦达投资,-2.6429505
600089,特变电工,-2.4541202
000753,漳州发展,-2.342735
600682,南京新百,-2.601334
000632,三木集团,-2.136353
600689,上海三毛,-2.3059046
000631,顺发恒业,-2.7025723
000025,特  力Ａ,-3.0160613
600620,天宸股份,-2.6289191
600881,亚泰集团,-3.745451
000820,神雾节能,-2.877843
002625,光启技术,-2.3436973
002189,中光学,-2.4757566
000576,甘化科工,-2.378578
002338,奥普光电,-2.3255155
600764,中国海防,-2.2663813
002389,航天彩虹,-2.6144834
001270,铖昌科技,-2.6278572
000733,振华科技,-2.2354927
002023,海特高新,-2.8479447
600435,北方导航,-2.6169734
002935,天奥电子,-2.0980263
600562,国睿科技,-1.7579765
600765,中航重机,-2.5662127
605123,派克新材,-2.3040748
600316,洪都航空,-3.7049656
002829,星网宇达,-2.5245094
600893,航发动力,-2.0282054
600391,航发科技,-2.4852662
600038,中直股份,-2.2189927
000768,中航西飞,-2.2252884
002465,海格通信,-1.7618312
603267,鸿远电子,-2.4887695
000738,航发控制,-2.1320665
002214,大立科技,-1.9493829
002414,高德红外,-2.0548868
002111,威海广泰,-1.7330011
600990,四创电子,-2.8142166
600967,内蒙一机,-1.6783159
000519,中兵红箭,-3.0073876
600760,中航沈飞,-2.3112576
603678,火炬电子,-2.5239186
600184,光电股份,-2.0130725
600590,泰豪科技,-2.1959138
002297,博云新材,-1.7527989
600879,航天电子,-2.2245376
002985,北摩高科,-2.248463
002265,建设工业,-2.3503084
002519,银河电子,-2.5550761
003009,中天火箭,-2.5277724
600685,中船防务,-1.7287651
600372,中航机载,-2.2213018
601890,亚星锚链,-2.1878548
002025,航天电器,-2.4038754
000697,炼石航空,-2.747849
600855,航天长峰,-2.6187992
002383,合众思壮,-2.6093931
600118,中国卫星,-2.2738261
002446,盛路通信,-2.6155524
002413,雷科防务,-2.2272463
000547,航天发展,-1.8918947
002933,新兴装备,-2.4191518
002179,中航光电,-2.2613006
601606,长城军工,-1.6717864
002151,北斗星通,-2.2332559
600862,中航高科,-2.4461808
002651,利君股份,-2.470121
603712,七一二,-2.5817342
601698,中国卫通,-2.3467178
002231,奥维通信,-1.7636145
002977,天箭科技,-2.5620985
000561,烽火电子,-2.418708
603261,立航科技,4.284376
600072,中船科技,-3.3918295
603688,石英股份,-3.5610285
603612,索通发展,-2.3798018
603826,坤彩科技,-2.645732
605086,龙高股份,-5.2507696
603527,众源新材,-3.4460711
601899,紫金矿业,-2.7150936
002203,海亮股份,-2.5321407
000878,云南铜业,-2.5500317
601168,西部矿业,-2.6277885
601212,白银有色,-3.067412
600362,江西铜业,-2.6715708
002171,楚江新材,-2.571344
601609,金田股份,-2.5129447
000630,铜陵有色,-2.7285352
600490,鹏欣资源,-4.0462637
002295,精艺股份,-2.8401823
000737,北方铜业,-3.8508997
603979,金诚信,-3.994752
002379,宏创控股,-2.7485223
600361,创新新材,-2.6774611
002988,豪美新材,-2.5153728
601702,华峰铝业,-3.3900275
600888,新疆众和,-2.5819907
601600,中国铝业,-3.2881026
605208,永茂泰,-2.5995922
600219,南山铝业,-2.7621012
000807,云铝股份,-2.7529058
002540,亚太科技,-2.5545545
002160,常铝股份,-2.5964608
002532,天山铝业,-2.7833939
601677,明泰铝业,-2.7207599
600768,宁波富邦,-2.5750184
600615,丰华股份,-2.5886488
002578,闽发铝业,-2.583961
002824,和胜股份,-3.0624104
601388,怡球资源,-2.6150851
603937,丽岛新材,-2.5462666
600595,中孚实业,-2.847064
000933,神火股份,-2.6571836
002996,顺博合金,-2.9382324
003038,鑫铂股份,-2.6401591
002501,利源股份,-3.1411495
603876,鼎胜新材,-3.0932693
000612,焦作万方,-2.7227
603115,海星股份,-2.9639754
000603,盛达资源,-3.9374247
000060,中金岭南,-2.7103992
600497,驰宏锌锗,-2.3804326
603132,金徽股份,-3.0713987
000688,国城矿业,-3.2270355
000758,中色股份,-2.7460928
601020,华钰矿业,-3.0551324
600531,豫光金铅,-2.6250606
000426,兴业银锡,-5.8018427
000751,锌业股份,-2.4711242
600338,西藏珠峰,-3.1277628
600961,株冶集团,-2.937923
002114,罗平锌电,-2.5124092
000975,山金国际,-3.7967372
600547,山东黄金,-3.0165396
002237,恒邦股份,-2.821598
600489,中金黄金,-2.8103237
600988,赤峰黄金,-3.8562841
601069,西部黄金,-5.4954467
002155,湖南黄金,-5.054477
002716,湖南白银,-3.0806599
001337,四川黄金,-3.165012
002428,云南锗业,-2.7485132
601958,金钼股份,-2.0900054
603799,华友钴业,-2.9132223
002466,天齐锂业,-2.4007044
600392,盛和资源,-2.9789147
600459,贵研铂业,-2.5804625
600456,宝钛股份,-3.1559625
000962,东方钽业,-2.6519918
600549,厦门钨业,-2.4261184
000960,锡业股份,-2.7051024
603993,洛阳钼业,-2.5765114
603663,三祥新材,-2.834031
600259,广晟有色,-2.4725022
002460,赣锋锂业,-2.3625202
605376,博迁新材,-3.1403284
002167,东方锆业,-2.094645
002149,西部材料,-2.6944194
000762,西藏矿业,-3.236147
000657,中钨高新,-2.2756908
600301,华锡有色,-3.3325114
600111,北方稀土,-2.4750404
002738,中矿资源,-3.2266603
000831,中国稀土,-2.2936378
002192,融捷股份,-3.1338034
002842,翔鹭钨业,-2.6202736
002378,章源钨业,-2.7270122
002978,安宁股份,-2.715438
002756,永兴材料,-2.858172
002240,盛新锂能,-3.3468637
600281,华阳新材,-6.4179583
002182,宝武镁业,-2.9870033
603399,永杉锂业,-2.8675823
002667,威领股份,-4.3701396
002176,江特电机,-2.8325539
002979,雷赛智能,-2.448367
002008,大族激光,-2.1876302
001223,欧克科技,-2.4873543
002527,新时达,-1.7578303
002698,博实股份,-2.6797285
000988,华工科技,-2.3929582
603015,弘讯科技,-1.8068324
603025,大豪科技,-2.083181
001266,宏英智能,-2.1179128
002975,博杰股份,-2.621409
603416,信捷电气,-2.5265656
603960,克来机电,-3.0379481
603203,快克智能,-1.7594022
603583,捷昌驱动,-1.7645426
603275,众辰科技,-1.7374433
002184,海得控制,-1.9482969
002957,科瑞技术,-1.9195474
002334,英威腾,-1.9644554
603666,亿嘉和,-2.2056365
605186,健麾信息,-2.8222294
002747,埃斯顿,-2.8368597
603283,赛腾股份,-2.2823853
605288,凯迪股份,-1.8557466
600215,派斯林,-1.8549995
600666,奥瑞德,-2.0759172
603078,江化微,-2.0521145
002643,万润股份,-2.3397622
600330,天通股份,-1.8584468
603931,格林达,-2.1557508
603002,宏昌电子,-2.3914466
002584,西陇科学,-2.4217663
002741,光华科技,-3.4218059
605555,德昌股份,-2.9367304
603215,比依股份,-2.4899173
001259,利仁科技,-2.4360738
002032,苏 泊 尔,-2.4377584
002705,新宝股份,-2.7303233
003023,彩虹集团,-2.15069
002614,奥佳华,-2.367855
603868,飞科电器,-2.2882855
002242,九阳股份,-2.1661263
603355,莱克电气,-1.8801657
603579,荣泰健康,-2.2727172
603219,富佳股份,-2.3459089
002959,小熊电器,-2.8661308
603486,科沃斯,-2.4135041
002403,爱仕达,-2.3366404
603551,奥普科技,-2.6182399
002035,华帝股份,-2.611014
002543,万和电气,-2.7388854
002508,老板电器,-2.8794146
002677,浙江美大,-2.5566583
605336,帅丰电器,-3.201147
603366,日出东方,-2.5981736
002219,新里程,-2.016179
002622,皓宸医疗,-2.8362765
603456,九洲药业,-2.358769
603259,药明康德,-2.5022001
000516,国际医学,-2.4156723
000504,南华生物,-2.8856168
002044,美年健康,-2.3941584
603127,昭衍新药,-2.1280026
002173,创新医疗,-2.7750292
603882,金域医学,-2.107024
000710,贝瑞基因,-1.544755
002172,澳洋健康,-2.3390963
002821,凯莱英,-2.8137002
600763,通策医疗,-2.7446823
600721,百花医药,-2.0365486
002524,光正眼科,-1.9014179
603613,国联股份,-2.7941213
002640,跨境通,-4.13721
003010,若羽臣,-2.3316112
002315,焦点科技,-3.3597531
601113,华鼎股份,-2.3046184
605136,丽人丽妆,-2.7929506
002127,南极电商,-2.310057
600539,狮头股份,-2.615528
002803,吉宏股份,-3.290471
002607,中公教育,-2.0646355
600661,昂立教育,-4.2546787
002659,凯文教育,-2.1110315
600455,博通股份,-2.510954
002093,国脉科技,0.12271589
600636,国新文化,-2.3605566
003032,传智教育,-4.4282427
000526,学大教育,-3.0170445
600730,中国高科,-2.3154786
605098,行动教育,-2.1298084
600880,博瑞传播,-2.0147538
600826,兰生股份,-3.0715547
002967,广电计量,-2.108447
002057,中钢天源,-2.4963584
003008,开普检测,-2.1541352
603060,国检集团,-1.434249
002243,力合科创,-2.2854605
600662,外服控股,-2.5152159
603183,建研院,-2.3132906
600861,北京人力,-2.5064497
600654,中安科,-2.7807384
600158,中体产业,-1.9628917
002858,力盛体育,-2.0455153
000819,岳阳兴长,-2.3934555
600028,中国石化,-2.4581075
002221,东华能源,-2.0166435
600800,渤海化学,-2.3694277
600688,上海石化,-2.3938532
000703,恒逸石化,-2.2272592
002408,齐翔腾达,-2.3854241
000985,大庆华科,-2.9185624
002493,荣盛石化,-2.0853014
600346,恒力石化,-2.37029
000637,茂化实华,-2.096126
601857,中国石油,-3.3380241
603798,康普顿,-2.129178
603223,恒通股份,-2.6810842
000698,沈阳化工,-2.0656044
000059,华锦股份,-3.189406
001316,润贝航科,-3.7952275
600506,统一股份,-4.2089577
002377,国创高新,-2.026932
002476,宝莫股份,-2.2269168
002986,宇新股份,-2.5518727
000096,广聚能源,-2.6365418
000554,泰山石油,-2.68639
603353,和顺石油,-3.053535
600323,瀚蓝环境,-2.751388
603686,福龙马,-2.2851195
601827,三峰环境,-1.9537978
002973,侨银股份,-3.7049923
600217,中再资环,-2.159842
002210,飞马国际,-2.5791712
002266,浙富控股,-2.0723052
001230,劲旅环境,-2.1992936
603588,高能环境,-2.7781973
601200,上海环境,-1.6220671
603568,伟明环保,-1.8474344
601330,绿色动力,-2.0644336
002034,旺能环境,-2.5527973
002672,东江环保,-2.3657281
603126,中材节能,-3.1010861
000885,城发环境,-2.6651893
000035,中国天楹,-1.8793281
000803,山高环能,-3.1306763
000551,创元科技,-5.890915
000967,盈峰环境,-2.2713532
600388,龙净环保,-2.3761592
002658,雪迪龙,-2.3210015
600526,菲达环保,-2.1882195
603324,盛剑科技,-2.7253757
603282,亚光股份,-2.7803254
603279,景津装备,-2.259017
600817,宇通重工,-3.3607163
001336,楚环科技,-2.5474052
000890,法尔胜,-2.4110973
600187,国中水务,-4.507123
000598,兴蓉环境,-2.408814
601158,重庆水务,-2.1373713
603817,海峡环保,-2.1810243
601368,绿城水务,-1.8729113
600874,创业环保,-2.0597444
600168,武汉控股,-2.3360314
002778,中晟高科,-2.5543265
003039,顺控发展,-2.4584923
603759,海天股份,-2.052565
600283,钱江水利,-2.2809107
601199,江南水务,-2.4295464
000605,渤海股份,-2.769351
600461,洪城环境,-2.7986732
000544,中原环保,-2.4267654
000685,中山公用,-3.0608459
603797,联泰环保,-2.6482882
603903,中持股份,-2.1803985
603291,联合水务,-2.2648492
605081,太和水,-2.6598978
603200,上海洗霸,-2.170245
600769,祥龙电业,-3.7398877
002549,凯美特气,-2.663527
002573,清新环境,-2.497634
603177,德创环保,-2.4368196
003027,同兴环保,-2.809917
603315,福鞍股份,-2.4824467
600008,首创环保,-2.1518106
002887,绿茵生态,-2.3950772
600796,钱江生化,-2.1105423
002645,华宏科技,-2.292099
603359,东珠生态,-2.5068803
000826,启迪环境,-2.6054916
000068,华控赛格,-2.1969604
002717,岭南股份,-2.8724213
605069,正和生态,-3.1112342
603983,丸美股份,-2.5907674
600315,上海家化,-2.1294947
603630,拉芳家化,-2.4992747
603605,珀莱雅,-5.499458
600223,福瑞达,-2.4117916
003006,百亚股份,-2.743596
603059,倍加洁,-2.1439676
001328,登康口腔,-3.1758432
001206,依依股份,-2.121011
603238,诺邦股份,-1.9198734
600249,两面针,-1.9464582
002511,中顺洁柔,-2.149002
605009,豪悦护理,-1.9822981
605166,聚合顺,-2.0225277
600810,神马股份,-1.8318248
600063,皖维高新,-1.5644373
000782,恒申新材,-1.6456352
002206,海 利 得,-2.5424042
002427,尤夫股份,-2.484599
002998,优彩资源,-3.265151
603225,新凤鸣,-2.3058786
601233,桐昆股份,-2.484477
603332,苏州龙杰,-2.5566568
000936,华西股份,-2.5201783
000677,恒天海龙,-3.5919604
600370,三房巷,-2.5937529
000949,新乡化纤,-3.1609268
002064,华峰化学,-2.424768
002254,泰和新材,-2.679191
000420,吉林化纤,-2.8484144
600889,南京化纤,-3.7392488
002108,沧州明珠,-2.0297585
603330,天洋新材,-1.9985303
603580,艾艾精工,-2.6225462
002825,纳尔股份,-2.097192
605008,长鸿高科,-1.8057225
002838,道恩股份,-2.3248544
600143,金发科技,-2.1375165
002886,沃特股份,-2.4570737
002768,国恩股份,-1.7821637
001333,光华股份,-1.4917549
603928,兴业股份,-2.0441933
002395,双象股份,-2.9048882
002361,神剑股份,-2.2796164
605589,圣泉集团,-2.4534879
001255,博菲电气,-2.5278697
000301,东方盛虹,-1.4291981
601208,东材科技,-2.5262508
000920,沃顿科技,-2.271533
600135,乐凯胶片,-2.177603
605488,福莱新材,-2.118298
002585,双星新材,-2.5180922
000973,佛塑科技,-2.2114275
002522,浙江众成,-2.1454787
002263,大东南,-2.6303892
002632,道明光学,-2.3937054
000859,国风新材,-1.955634
603650,彤程新材,-2.2198184
002224,三 力 士,-1.9208087
603033,三维股份,-2.5097122
002381,双箭股份,-1.9435717
001207,联科科技,-2.3497152
002442,龙星化工,-2.4257288
605183,确成股份,-2.509922
002753,永东股份,-2.7646446
002068,黑猫股份,-2.759479
000158,常山北明,-4.8848457
600225,卓朗科技,-2.3311539
002777,久远银海,-3.7055912
600446,金证股份,-2.121132
002368,太极股份,-2.773563
002649,博彦科技,-4.040769
002380,科远智慧,-2.087256
600410,华胜天成,-2.0312562
603859,能科科技,-2.0334873
000034,神州数码,-2.0971255
002065,东华软件,-2.4624114
600536,中国软件,-1.9979522
600571,信雅达,-3.5875196
002373,千方科技,-2.469615
000409,云鼎科技,-1.9162728
600850,电科数字,-2.3687754
000938,紫光股份,-1.9201612
600728,佳都科技,-2.0956268
600718,东软集团,-2.5649405
600271,航天信息,-2.594501
002195,岩山科技,-2.003564
600797,浙大网新,-2.3448758
002908,德生科技,-1.8480603
603171,税友股份,-2.563366
603918,金桥信息,-1.8389397
002401,中远海科,-1.9845029
002421,达实智能,-2.565785
603138,海量数据,-2.688713
002609,捷顺科技,-1.8741102
600131,国网信通,-2.1242719
603636,南威软件,-2.1316786
000555,神州信息,-2.9901972
002657,中科金财,-4.0900593
002331,皖通科技,-1.8776753
002771,真视通,-2.393854
003005,竞业达,-1.9808203
600845,宝信软件,-2.0677788
002474,榕基软件,-2.5107827
605398,新炬网络,-2.764401
600589,广东榕泰,-2.8850904
002232,启明信息,-2.2225757
600756,浪潮软件,-2.3737862
002642,荣联科技,-2.2369108
600476,湘邮科技,-2.345438
600570,恒生电子,-2.8523788
002261,拓维信息,-3.7331624
601519,大智慧,-2.0042014
000503,国新健康,-1.5040396
603383,顶点软件,-3.0990434
002178,延华智能,-3.299851
600602,云赛智联,-1.8499908
000948,南天信息,-4.177787
603189,网达软件,-3.0699034
603927,中科软,-1.7836446
002153,石基信息,-1.8941579
002987,京北方,-5.2226496
002410,广联达,-0.8654258
002212,天融信,-1.7926672
002405,四维图新,-2.1389284
002230,科大讯飞,-1.3438809
002362,汉王科技,-1.8063687
002322,理工能科,-1.5542494
603039,泛微网络,-1.8408421
002063,远光软件,-1.7533308
600588,用友网络,-1.5556802
002439,启明星辰,-1.7339324
603232,格尔软件,-1.7608291
003029,吉大正元,-2.4595032
601360,三六零,-2.0532906
000004,国华网安,-3.450852
002279,久其软件,-1.9733745
603528,多伦科技,-1.7075083
003007,直真科技,-1.5820593
603990,麦迪科技,-1.4271381
002253,川大智胜,-1.9534501
603728,鸣志电器,-2.599248
003021,兆威机电,-4.837194
000922,佳电股份,-2.12051
600416,湘电股份,-3.1035023
002801,微光股份,-2.3575754
600580,卧龙电驱,-2.902051
002576,通达动力,-2.667317
002249,大洋电机,-2.4116297
603489,八方股份,-2.7830653
002196,方正电机,-2.4795318
002892,科力尔,-2.8130584
002823,凯中精密,-2.4676418
603819,神力股份,-2.485724
603320,迪贝电气,-2.030107
603988,中电电机,-5.6347976
600312,平高电气,-2.4406176
002028,思源电气,-2.8998199
603016,新宏泰,-4.061378
600525,长园集团,-1.6929239
601567,三星医疗,-2.7128987
600885,宏发股份,-1.6498805
601179,中国西电,-2.4419417
002452,长高电新,-1.8428173
002112,三变科技,-2.6279092
002350,北京科锐,-2.3475356
600379,宝光股份,-2.0471365
603861,白云电器,-2.0459685
600550,保变电气,-4.3784156
601877,正泰电器,-2.1845045
002270,华明装备,-1.989102
605066,天正电气,-2.0034475
002358,森源电气,-2.5125022
601616,广电电气,-2.49127
002346,柘中股份,-1.9503129
000533,顺钠股份,-2.4571776
600468,百利电气,-2.1969619
002441,众业达,-1.9705766
002927,泰永长征,-2.3739142
603829,洛凯股份,-0.31693614
603070,万控智造,-2.3109426
002706,良信股份,-2.65165
002298,中电兴发,-2.0862489
600192,长城电工,-2.705319
603097,江苏华辰,-2.1770816
601126,四方股份,-2.1282625
000682,东方电子,-2.7415242
600406,国电南瑞,-2.0938773
000400,许继电气,-2.142975
603556,海兴电力,-2.0566678
600268,国电南自,-2.0641165
603050,科林电气,-2.6883736
002546,新联电子,-2.5284286
002169,智光电气,-2.6560225
002090,金智科技,-2.0140696
002980,华盛昌,-3.4215822
002339,积成电子,-1.9849122
002121,科陆电子,-1.9071361
002857,三晖电气,-2.4972744
600869,远东股份,-3.34558
603606,东方电缆,-2.3907115
600577,精达股份,-4.327773
002606,大连电瓷,-3.6058564
002533,金杯电工,-2.3952498
600973,宝胜股份,-2.3832736
002560,通达股份,-2.6511254
002276,万马股份,-2.3150506
603618,杭电股份,-2.3995123
002879,长缆科技,-2.5729313
002471,中超控股,-2.8969002
002692,远程股份,-4.244749
002498,汉缆股份,-2.3929038
603577,汇金通,-2.5593953
605196,华通线缆,-3.0248814
000720,新能泰山,-2.8794165
605222,起帆电缆,-2.8087082
002300,太阳电缆,-2.208475
001208,华菱线缆,-2.8639784
601700,风范股份,-3.1563363
002953,日丰股份,-2.3352585
603897,长城科技,-2.7675228
603333,尚纬股份,-2.567964
002882,金龙羽,-2.9114747
603530,神马电力,-3.5643024
002451,摩恩电气,-7.773128
600151,航天机电,-4.1015224
002056,横店东磁,-2.2738228
603778,国晟科技,-2.9154105
603185,弘元绿能,-2.5625076
605117,德业股份,-2.6563969
600481,双良节能,-3.0086179
002506,协鑫集成,-2.4655237
603396,金辰股份,-2.5989685
003022,联泓新科,-2.661858
002623,亚玛顿,-2.1593158
600876,凯盛新能,-2.325243
600207,安彩高科,-3.2762938
603398,沐邦高科,-3.7567492
600438,通威股份,-2.9998207
000821,京山轻机,-2.8441563
601012,隆基绿能,-3.0458708
002129,TCL中环,-2.8981233
603212,赛伍技术,-2.8968449
002865,钧达股份,-3.3305287
001269,欧晶科技,-2.8661418
601865,福莱特,-3.1109385
600537,亿晶光电,-3.2060938
600732,爱旭股份,-3.263011
603806,福斯特,-3.468985
603628,清源股份,-3.3458729
002459,晶澳科技,-4.3560667
002202,金风科技,-2.934466
002531,天顺风能,-2.8152242
603507,振江股份,-2.660924
601218,吉鑫科技,-2.8539014
601615,明阳智能,-3.0289235
002487,大金重工,-2.7571077
603218,日月股份,-2.8918161
603063,禾望电气,-2.8513956
600458,时代新材,-2.6577787
603985,恒润股份,-3.4283772
603906,龙蟠科技,-2.4825568
002850,科达利,-2.5465612
002580,圣阳股份,-2.3218365
002812,恩捷股份,-1.9945837
000009,中国宝安,-2.1583157
002340,格林美,-1.9448789
603031,安孚科技,-2.7756824
002245,蔚蓝锂芯,-1.9223725
600110,诺德股份,-2.5175786
002074,国轩高科,-2.2319045
601311,骆驼股份,-1.5981904
600478,科力远,-2.4829097
002733,雄韬股份,-2.3125896
002805,丰元股份,-2.4890385
600152,维科技术,-2.4220715
000049,德赛电池,-2.099
600847,万里股份,-2.1724997
001301,尚太科技,-3.3585243
002759,天际股份,-2.5288558
002324,普利特,-2.442109
002709,天赐材料,-2.4686108
603659,璞泰来,-2.769134
002125,湘潭电化,-2.7359176
603032,德新科技,-4.247929
605378,野马电池,-1.9904581
603026,石大胜华,-2.3998122
001283,豪鹏科技,-2.2565625
600884,杉杉股份,-2.5350146
600241,时代万恒,-2.0523162
002851,麦格米特,-3.4173236
002335,科华数据,-2.744308
601727,上海电气,-2.4928856
002364,中恒电气,-1.8068168
600482,中国动力,-2.4491591
002255,海陆重工,-2.157045
600875,东方电气,-2.33119
002534,西子洁能,-2.1767654
002518,科士达,-2.7217698
002630,华西能源,-1.966304
002366,融发核电,-2.490994
600405,动力源,-1.8085299
002227,奥 特 迅,-2.5960093
600212,绿能慧充,-3.17759
